index,ID,DATE,TO USER ACCOUNT,FROM USER ACCOUNT,REASON,SCORE 1,SCORE 2,SCORE 3,DUPLICATE ID 1,DUPLICATE ID 2,DUPLICATE ID 3,DISMISSED 1,DISMISSED 2,DISMISSED 3,QUANTIFIER 1 USERNAME,QUANTIFIER 2 USERNAME,QUANTIFIER 3 USERNAME,AVG SCORE,SPREAD
185,635a845c1ab9982803027b2a,2021-11-06T23:00:00.000Z,hannahjojo,WhyldWanderer#7002,for WG Steward PAN distribution hack session ,144.0,,3.0,635a845c1ab9982803027ad5,,,False,False,False,Nicbals#2154,Ramin#4479,Danibelle the Uno and Only#6791,8.7,141.0
132,635a845c1ab9982803027af5,2021-11-06T23:00:00.000Z,hannahjojo,Carlos096#8712,for sorting out PAN payments ,144.0,,3.0,635a845c1ab9982803027ad5,,635a845c1ab9982803027ae9,False,False,False,Nicbals#2154,Ramin#4479,Danibelle the Uno and Only#6791,7.35,141.0
2,635a845c1ab9982803027a73,2021-11-01T23:00:00.000Z,üåà üßªchair üåà üßª,karmaticacid#1218,for the awesome Giveth / Rainbow rolls marketing and for in general just doing so much to support Giveth!! ,144.0,3.0,55.0,,,,False,False,False,divine_comedian#5493,fuscia,Nicbals#2154,67.33,141.0
199,635a845c1ab9982803027b38,2021-11-06T23:00:00.000Z,üåà üßªchair üåà üßª,WhyldWanderer#7002,for continued collaboration with rainbow rolls giveaways ,144.0,3.0,55.0,635a845c1ab9982803027a73,,635a845c1ab9982803027a73,False,False,False,divine_comedian#5493,fuscia,Nicbals#2154,7.63,141.0
200,635a845c1ab9982803027b39,2021-11-06T23:00:00.000Z,0xJoshua | Opolis | RainbowRolls,WhyldWanderer#7002,for continued collaboration with rainbow rolls giveaways ,144.0,13.0,3.0,,,,False,False,False,Nikola Creatrix#5026,divine_comedian#5493,fuscia,53.33,141.0
120,635a845c1ab9982803027ae9,2021-11-06T23:00:00.000Z,hannahjojo,Danibelle the Uno and Only#6791,for participating in the PAN reward feedback process ,144.0,,3.0,635a845c1ab9982803027ad5,,,False,False,False,Nicbals#2154,Ramin#4479,Danibelle the Uno and Only#6791,8.7,141.0
141,635a845c1ab9982803027afe,2021-11-06T23:00:00.000Z,invocamanman,griff,for the awesome call going over the smart contracts this weekend ,144.0,8.0,89.0,,,,False,False,False,divine_comedian#5493,fuscia,Nicbals#2154,80.33,136.0
180,635a845c1ab9982803027b25,2021-11-06T23:00:00.000Z,markop#2007,WhyldWanderer#7002,for holding down design efforts ,8.0,144.0,144.0,,635a845c1ab9982803027adc,635a845c1ab9982803027ad7,False,False,False,freshelle#9882,Nikola Creatrix#5026,divine_comedian#5493,12.27,136.0
326,635a845c1ab9982803027bb7,2021-11-10T23:00:00.000Z,Ramin#4479,markop#2007,for coding such a crisp new Giveth.io website. AMAZING! ,21.0,13.0,144.0,,635a845c1ab9982803027b51,,False,False,False,Almond | oyealmond#7049,cuidadopeligro#4788,tropicalmango#3240,55.43,131.0
128,635a845c1ab9982803027af1,2021-11-06T23:00:00.000Z,0xJoshua | Opolis | RainbowRolls,griff,for the great meme magic to fund public goods... raising so much money for Giveth!!! ,144.0,13.0,13.0,,,,False,False,False,Nikola Creatrix#5026,divine_comedian#5493,fuscia,56.67,131.0
129,635a845c1ab9982803027af2,2021-11-06T23:00:00.000Z,üåà üßªchair üåà üßª,griff,for the great meme magic to fund public goods... raising so much money for Giveth!!! ,144.0,13.0,144.0,635a845c1ab9982803027a73,,,False,False,False,divine_comedian#5493,fuscia,Nicbals#2154,57.13,131.0
333,635a845c1ab9982803027bbe,2021-11-12T23:00:00.000Z,invocamanman,Amin#2164,for doing awesome job and finding issues in our smart contracts ,144.0,13.0,89.0,635a845c1ab9982803027afe,,635a845c1ab9982803027afe,False,False,False,divine_comedian#5493,fuscia,Nicbals#2154,12.1,131.0
254,635a845c1ab9982803027b6f,2021-11-10T23:00:00.000Z,hannahjojo,Donna.Ofi,"for her great contribution on PAN payments, GIVreward Board multisig and GIVdrop list ",144.0,,13.0,635a845c1ab9982803027ad5,,635a845c1ab9982803027aaa,False,False,False,Nicbals#2154,Ramin#4479,Danibelle the Uno and Only#6791,7.85,131.0
62,635a845c1ab9982803027aaf,2021-11-06T23:00:00.000Z,MoeNick#1374,divine_comedian#5493,"for awesome development work on adminbro dashboard, onboard js fixes and project unlisted logic ",21.0,144.0,55.0,,,,False,False,False,cuidadopeligro#4788,tropicalmango#3240,toraif#4775,73.33,123.0
340,635a845c1ab9982803027bc5,2021-11-14T23:00:00.000Z,markop#2007,willyfox#1178,for crazy fast design iterations <a:FirePurple:840168829605773323> ,21.0,144.0,89.0,,635a845c1ab9982803027adc,635a845c1ab9982803027b52,False,False,False,freshelle#9882,Nikola Creatrix#5026,divine_comedian#5493,14.77,123.0
297,635a845c1ab9982803027b9a,2021-11-10T23:00:00.000Z,markop#2007,karmaticacid#1218,for updating designs for GIVeconomy ,34.0,144.0,89.0,635a845c1ab9982803027adc,635a845c1ab9982803027adc,635a845c1ab9982803027b52,False,False,False,freshelle#9882,Nikola Creatrix#5026,divine_comedian#5493,8.9,110.0
107,635a845c1ab9982803027adc,2021-11-06T23:00:00.000Z,markop#2007,Danibelle the Uno and Only#6791,for the continued epic designs and systems ,34.0,144.0,144.0,,,635a845c1ab9982803027ad7,False,False,False,freshelle#9882,Nikola Creatrix#5026,divine_comedian#5493,64.13,110.0
301,635a845c1ab9982803027b9e,2021-11-10T23:00:00.000Z,markop#2007,Carlos096#8712,for the new designs! ,34.0,144.0,89.0,635a845c1ab9982803027adc,635a845c1ab9982803027adc,635a845c1ab9982803027b52,False,False,False,freshelle#9882,Nikola Creatrix#5026,divine_comedian#5493,8.9,110.0
102,635a845c1ab9982803027ad7,2021-11-06T23:00:00.000Z,markop#2007,Ramin#4479,for giveth.io new designs and design system ,34.0,144.0,144.0,635a845c1ab9982803027adc,635a845c1ab9982803027adc,,False,False,False,freshelle#9882,Nikola Creatrix#5026,divine_comedian#5493,53.93,110.0
304,635a845c1ab9982803027ba1,2021-11-10T23:00:00.000Z,markop#2007,divine_comedian#5493,for his constant design work and iterations on the givethIO redesign and GIVeconomy frames ,34.0,144.0,89.0,635a845c1ab9982803027adc,635a845c1ab9982803027adc,635a845c1ab9982803027b52,False,False,False,freshelle#9882,Nikola Creatrix#5026,divine_comedian#5493,8.9,110.0
292,635a845c1ab9982803027b95,2021-11-10T23:00:00.000Z,markop#2007,Ramin#4479,and for amazing work on design system ,34.0,144.0,89.0,635a845c1ab9982803027adc,635a845c1ab9982803027adc,635a845c1ab9982803027b52,False,False,False,freshelle#9882,Nikola Creatrix#5026,divine_comedian#5493,8.9,110.0
53,635a845c1ab9982803027aa6,2021-11-06T23:00:00.000Z,freshelle#9882,karmaticacid#1218,for getting us paid ,55.0,144.0,89.0,,,,False,False,False,divine_comedian#5493,fuscia,Nicbals#2154,96.0,89.0
284,635a845c1ab9982803027b8d,2021-11-10T23:00:00.000Z,Cherik#4711,mateodaza#3156,for great dev work and being the best mates ,89.0,5.0,1.0,635a845c1ab9982803027bb0,635a845c1ab9982803027b8f,,False,False,False,geleeroyale#3228,Dr. Suga#8514,Almond | oyealmond#7049,3.47,88.0
45,635a845c1ab9982803027a9e,2021-11-06T23:00:00.000Z,Cherik#4711,karmaticacid#1218,for GIVeconomy front-end fixes and updates ,89.0,3.0,13.0,,,,False,False,False,geleeroyale#3228,Dr. Suga#8514,Almond | oyealmond#7049,35.0,86.0
46,635a845c1ab9982803027a9f,2021-11-06T23:00:00.000Z,fabri üêù,karmaticacid#1218,for supporting givgarden ,3.0,89.0,,,635a845c1ab9982803027b03,,False,False,False,fuscia,Nicbals#2154,Ramin#4479,5.95,86.0
1,635a845c1ab9982803027a72,2021-11-01T23:00:00.000Z,launchninja,karmaticacid#1218,for the awesome Giveth / Rainbow rolls marketing and for in general just doing so much to support Giveth!! ,3.0,89.0,,,,,False,False,False,fuscia,Nicbals#2154,Ramin#4479,46.0,86.0
86,635a845c1ab9982803027ac7,2021-11-06T23:00:00.000Z,hannahjojo,Danibelle the Uno and Only#6791,for creating their nrGIV Token Minting proposal! ,89.0,,3.0,,,,False,False,False,Nicbals#2154,Ramin#4479,Danibelle the Uno and Only#6791,46.0,86.0
146,635a845c1ab9982803027b03,2021-11-06T23:00:00.000Z,fabri üêù,griff,for pushing the fixes we need for Gardens! ,3.0,89.0,,,,,False,False,False,fuscia,Nicbals#2154,Ramin#4479,46.0,86.0
286,635a845c1ab9982803027b8f,2021-11-10T23:00:00.000Z,Cherik#4711,Ramin#4479,for their great development work ,89.0,5.0,13.0,635a845c1ab9982803027bb0,,635a845c1ab9982803027b87,False,False,False,geleeroyale#3228,Dr. Suga#8514,Almond | oyealmond#7049,5.07,84.0
299,635a845c1ab9982803027b9c,2021-11-10T23:00:00.000Z,hannahjojo,mateodaza#3156,for representing Giveth in a Miami conference this week ,89.0,,5.0,,,,False,False,False,Nicbals#2154,Ramin#4479,Danibelle the Uno and Only#6791,47.0,84.0
108,635a845c1ab9982803027add,2021-11-06T23:00:00.000Z,Rodricast#1415,Danibelle the Uno and Only#6791,for the continued epic designs and systems ,13.0,89.0,5.0,,,,False,False,False,ClaraZi#5313,geleeroyale#3228,Dr. Suga#8514,35.67,84.0
52,635a845c1ab9982803027aa5,2021-11-06T23:00:00.000Z,Cherik#4711,karmaticacid#1218,for holding down giveth dapp dev ,89.0,5.0,13.0,635a845c1ab9982803027a9e,,,False,False,False,geleeroyale#3228,Dr. Suga#8514,Almond | oyealmond#7049,8.97,84.0
115,635a845c1ab9982803027ae4,2021-11-06T23:00:00.000Z,freshelle#9882,Carlos096#8712,for sorting out my payment üòÑ ,8.0,5.0,89.0,,,635a845c1ab9982803027aa6,False,False,False,divine_comedian#5493,fuscia,Nicbals#2154,7.3,84.0
248,635a845c1ab9982803027b69,2021-11-10T23:00:00.000Z,fabri üêù,karmaticacid#1218,for continued support and development on gardens ,5.0,89.0,,,635a845c1ab9982803027b03,,False,False,False,fuscia,Nicbals#2154,Ramin#4479,6.95,84.0
177,635a845c1ab9982803027b22,2021-11-06T23:00:00.000Z,Cherik#4711,WhyldWanderer#7002,for GIVfarm front end design implementation ,89.0,5.0,13.0,635a845c1ab9982803027a9e,,,False,False,False,geleeroyale#3228,Dr. Suga#8514,Almond | oyealmond#7049,8.97,84.0
278,635a845c1ab9982803027b87,2021-11-10T23:00:00.000Z,Cherik#4711,Donna.Ofi,for his great job on implementing economy front ,89.0,5.0,13.0,635a845c1ab9982803027bb0,,,False,False,False,geleeroyale#3228,Dr. Suga#8514,Almond | oyealmond#7049,8.97,84.0
276,635a845c1ab9982803027b85,2021-11-10T23:00:00.000Z,Cherik#4711,mohammad_ranjbar_z#2709,for working on giv economy ,89.0,8.0,5.0,635a845c1ab9982803027bb0,,,False,False,False,geleeroyale#3228,Dr. Suga#8514,Almond | oyealmond#7049,7.3,84.0
236,635a845c1ab9982803027b5d,2021-11-10T23:00:00.000Z,Cherik#4711,Carlos096#8712,for being an amazing team and writing features fast! ,89.0,5.0,8.0,635a845c1ab9982803027bb0,,,False,False,False,geleeroyale#3228,Dr. Suga#8514,Almond | oyealmond#7049,7.3,84.0
198,635a845c1ab9982803027b37,2021-11-06T23:00:00.000Z,hannahjojo,WhyldWanderer#7002,for spreading the word about Giveth at NFT-NYC ,89.0,,5.0,,,,False,False,False,Nicbals#2154,Ramin#4479,Danibelle the Uno and Only#6791,47.0,84.0
223,635a845c1ab9982803027b50,2021-11-10T23:00:00.000Z,Cherik#4711,Donna.Ofi,for their great job on io and Trace ,89.0,21.0,8.0,635a845c1ab9982803027bb0,635a845c1ab9982803027bb0,,False,False,False,geleeroyale#3228,Dr. Suga#8514,Almond | oyealmond#7049,6.33,81.0
244,635a845c1ab9982803027b65,2021-11-10T23:00:00.000Z,Cherik#4711,karmaticacid#1218,for working on development for the GIVeconomy ,89.0,8.0,13.0,635a845c1ab9982803027bb0,635a845c1ab9982803027b85,635a845c1ab9982803027b87,False,False,False,geleeroyale#3228,Dr. Suga#8514,Almond | oyealmond#7049,3.67,81.0
135,635a845c1ab9982803027af8,2021-11-06T23:00:00.000Z,karmaticacid#1218,griff,"for taking on everything, managing Comms and Economy... incredible Tweeter work and just being the heart and soul of Giveth ",8.0,34.0,89.0,,,,False,False,False,mateodaza#3156,freshelle#9882,WhyldWanderer#7002,43.67,81.0
5,635a845c1ab9982803027a76,2021-11-01T23:00:00.000Z,Cherik#4711,karmaticacid#1218,"for all their work today on the GIVeconomy, for answering many questions and for pushing GIV to the finish line ",89.0,21.0,8.0,,,,False,False,False,geleeroyale#3228,Dr. Suga#8514,Almond | oyealmond#7049,39.33,81.0
225,635a845c1ab9982803027b52,2021-11-10T23:00:00.000Z,markop#2007,Donna.Ofi,for their great design on economy and start designing io ,8.0,8.0,89.0,,,,False,False,False,freshelle#9882,Nikola Creatrix#5026,divine_comedian#5493,35.0,81.0
111,635a845c1ab9982803027ae0,2021-11-06T23:00:00.000Z,Mo ü§ñ#0356,Danibelle the Uno and Only#6791,for the continued epic designs and systems ,34.0,13.0,89.0,,,635a845c1ab9982803027ad8,False,False,False,Danibelle the Uno and Only#6791,ClaraZi#5313,geleeroyale#3228,18.63,76.0
59,635a845c1ab9982803027aac,2021-11-06T23:00:00.000Z,Ramin#4479,divine_comedian#5493,"for awesome development work on adminbro dashboard, onboard js fixes and project unlisted logic ",13.0,21.0,89.0,,,,False,False,False,Almond | oyealmond#7049,cuidadopeligro#4788,tropicalmango#3240,41.0,76.0
319,635a845c1ab9982803027bb0,2021-11-10T23:00:00.000Z,Cherik#4711,divine_comedian#5493,"for their constant and great development on givethio, trace and giveconomy ",89.0,21.0,13.0,,,,False,False,False,geleeroyale#3228,Dr. Suga#8514,Almond | oyealmond#7049,41.0,76.0
61,635a845c1ab9982803027aae,2021-11-06T23:00:00.000Z,Cherik#4711,divine_comedian#5493,"for awesome development work on adminbro dashboard, onboard js fixes and project unlisted logic ",89.0,21.0,13.0,635a845c1ab9982803027a9e,,,False,False,False,geleeroyale#3228,Dr. Suga#8514,Almond | oyealmond#7049,14.3,76.0
264,635a845c1ab9982803027b79,2021-11-10T23:00:00.000Z,hannahjojo,karmaticacid#1218,"@algene for hacking GIVdrop, adding in missing addresses, missing people and pushing to the finish ",89.0,,13.0,,,635a845c1ab9982803027aaa,False,False,False,Nicbals#2154,Ramin#4479,Danibelle the Uno and Only#6791,45.15,76.0
337,635a845c1ab9982803027bc2,2021-11-14T23:00:00.000Z,freshelle#9882,markop#2007,for creating and managing the vacation tracker. ,13.0,34.0,89.0,,,,False,False,False,divine_comedian#5493,fuscia,Nicbals#2154,45.33,76.0
243,635a845c1ab9982803027b64,2021-11-10T23:00:00.000Z,karmaticacid#1218,Donna.Ofi,"for be omni present and give her heart and soul to Giveth, managing GIVeconomy, designs, support, comms and always have great ideas to make great stuff happen, !prasie ",13.0,34.0,89.0,,635a845c1ab9982803027af8,,False,False,False,mateodaza#3156,freshelle#9882,WhyldWanderer#7002,35.13,76.0
57,635a845c1ab9982803027aaa,2021-11-06T23:00:00.000Z,hannahjojo,karmaticacid#1218,"for working on gross safe, GIVdrop list and multisig ",89.0,,13.0,,,,False,False,False,Nicbals#2154,Ramin#4479,Danibelle the Uno and Only#6791,51.0,76.0
103,635a845c1ab9982803027ad8,2021-11-06T23:00:00.000Z,Mo ü§ñ#0356,Ramin#4479,for giveth.io new designs and design system ,34.0,21.0,89.0,635a845c1ab9982803027ae0,,,False,False,False,Danibelle the Uno and Only#6791,ClaraZi#5313,geleeroyale#3228,37.8,68.0
229,635a845c1ab9982803027b56,2021-11-10T23:00:00.000Z,Danibelle the Uno and Only#6791,Donna.Ofi,"for managing governance and collaborating on project verification, and always bring her ideas to the table ",34.0,89.0,21.0,,,,False,False,False,ClaraZi#5313,geleeroyale#3228,Dr. Suga#8514,48.0,68.0
311,635a845c1ab9982803027ba8,2021-11-10T23:00:00.000Z,fabri üêù,divine_comedian#5493,for fixing issues related to gardens and the givgarden ,21.0,89.0,,,635a845c1ab9982803027b03,,False,False,False,fuscia,Nicbals#2154,Ramin#4479,14.95,68.0
315,635a845c1ab9982803027bac,2021-11-10T23:00:00.000Z,fabri üêù,Donna.Ofi,for their great job on Gardens and helping us to make it happen ,21.0,89.0,,,635a845c1ab9982803027b03,,False,False,False,fuscia,Nicbals#2154,Ramin#4479,14.95,68.0
217,635a845c1ab9982803027b4a,2021-11-09T23:00:00.000Z,Rodricast#1415,markop#2007,"for listening to my advices, for learning quickly and applying the learnings to finish the General purpose pages design. ",34.0,89.0,21.0,,,,False,False,False,ClaraZi#5313,geleeroyale#3228,Dr. Suga#8514,48.0,68.0
144,635a845c1ab9982803027b01,2021-11-06T23:00:00.000Z,"sem(üå∏,üêù)#0161",griff,for pushing the fixes we need for Gardens! ,34.0,21.0,89.0,,,,False,False,False,Danibelle the Uno and Only#6791,ClaraZi#5313,geleeroyale#3228,48.0,68.0
339,635a845c1ab9982803027bc4,2021-11-14T23:00:00.000Z,Mo ü§ñ#0356,markop#2007,for HOT new mobile design and interactions! ,34.0,55.0,89.0,635a845c1ab9982803027ae0,635a845c1ab9982803027ba3,,False,False,False,Danibelle the Uno and Only#6791,ClaraZi#5313,geleeroyale#3228,32.63,55.0
314,635a845c1ab9982803027bab,2021-11-10T23:00:00.000Z,"sem(üå∏,üêù)#0161",Donna.Ofi,for their great job on Gardens and helping us to make it happen ,34.0,34.0,89.0,635a845c1ab9982803027b01,,635a845c1ab9982803027b01,False,False,False,Danibelle the Uno and Only#6791,ClaraZi#5313,geleeroyale#3228,15.43,55.0
214,635a845c1ab9982803027b47,2021-11-08T23:00:00.000Z,fabri üêù,karmaticacid#1218,for working on the GIVgarden making it so we can claim rewards from our own link and for being a rockstart with bug fixes ,34.0,89.0,,,635a845c1ab9982803027b03,,False,False,False,fuscia,Nicbals#2154,Ramin#4479,21.45,55.0
100,635a845c1ab9982803027ad5,2021-11-06T23:00:00.000Z,hannahjojo,Danibelle the Uno and Only#6791,for hacking away on the PAN payment process to get rewards out and update the process with what we've elarned so far ,144.0,,89.0,,,,False,False,False,Nicbals#2154,Ramin#4479,Danibelle the Uno and Only#6791,116.5,55.0
133,635a845c1ab9982803027af6,2021-11-06T23:00:00.000Z,freshelle#9882,griff,managing all the payments and making everything so easy for me in every way that she can! ,55.0,34.0,89.0,635a845c1ab9982803027aa6,,635a845c1ab9982803027aa6,False,False,False,divine_comedian#5493,fuscia,Nicbals#2154,16.13,55.0
92,635a845c1ab9982803027acd,2021-11-06T23:00:00.000Z,markop#2007,Danibelle the Uno and Only#6791,for creating their nrGIV Token Minting proposal! ,1.0,55.0,0.0,,,,False,False,True,freshelle#9882,Nikola Creatrix#5026,divine_comedian#5493,18.67,55.0
310,635a845c1ab9982803027ba7,2021-11-10T23:00:00.000Z,"sem(üå∏,üêù)#0161",divine_comedian#5493,for their work on the giveth smart contracts ,55.0,34.0,89.0,,,,False,False,False,Danibelle the Uno and Only#6791,ClaraZi#5313,geleeroyale#3228,59.33,55.0
234,635a845c1ab9982803027b5b,2021-11-10T23:00:00.000Z,Ramin#4479,Carlos096#8712,for being an amazing team and writing features fast! ,3.0,8.0,55.0,,,635a845c1ab9982803027ad9,False,False,False,Almond | oyealmond#7049,cuidadopeligro#4788,tropicalmango#3240,5.5,52.0
104,635a845c1ab9982803027ad9,2021-11-06T23:00:00.000Z,Ramin#4479,Carlos096#8712,for being insane team members and developing features fast! ,3.0,8.0,55.0,635a845c1ab9982803027ac2,,,False,False,False,Almond | oyealmond#7049,cuidadopeligro#4788,tropicalmango#3240,21.1,52.0
176,635a845c1ab9982803027b21,2021-11-06T23:00:00.000Z,eduadiez#9314,WhyldWanderer#7002,for smart contract review ,3.0,55.0,,,635a845c1ab9982803027a96,,False,False,False,fuscia,Nicbals#2154,Ramin#4479,4.25,52.0
271,635a845c1ab9982803027b80,2021-11-10T23:00:00.000Z,freshelle#9882,karmaticacid#1218,for making Sobol happen ,13.0,3.0,55.0,,,,False,False,False,divine_comedian#5493,fuscia,Nicbals#2154,23.67,52.0
309,635a845c1ab9982803027ba6,2021-11-10T23:00:00.000Z,eduadiez#9314,divine_comedian#5493,for their work on the giveth smart contracts ,3.0,55.0,,,635a845c1ab9982803027a96,,False,False,False,fuscia,Nicbals#2154,Ramin#4479,4.25,52.0
341,635a845c1ab9982803027bc6,2021-11-14T23:00:00.000Z,karmaticacid#1218,markop#2007,for quickly writing the GIVeconomy PR. ,3.0,21.0,55.0,,,,False,False,False,mateodaza#3156,freshelle#9882,WhyldWanderer#7002,26.33,52.0
60,635a845c1ab9982803027aad,2021-11-06T23:00:00.000Z,Amin#2164,divine_comedian#5493,"for awesome development work on adminbro dashboard, onboard js fixes and project unlisted logic ",5.0,,55.0,,,,False,False,False,mateodaza#3156,Cori#8483,WhyldWanderer#7002,30.0,50.0
130,635a845c1ab9982803027af3,2021-11-06T23:00:00.000Z,WhyldWanderer#7002,griff,and Franck for helping push GIV token on Gemini ,55.0,8.0,5.0,,,635a845c1ab9982803027b34,False,False,False,tropicalmango#3240,toraif#4775,karmaticacid#1218,21.17,50.0
140,635a845c1ab9982803027afd,2021-11-06T23:00:00.000Z,eduadiez#9314,griff,for the awesome call going over the smart contracts this weekend ,5.0,55.0,,,635a845c1ab9982803027a96,,False,False,False,fuscia,Nicbals#2154,Ramin#4479,5.25,50.0
64,635a845c1ab9982803027ab1,2021-11-06T23:00:00.000Z,WhyldWanderer#7002,divine_comedian#5493,for leading project verification and working out the details with notifying projects of their status ,55.0,5.0,13.0,,,,False,False,False,tropicalmango#3240,toraif#4775,karmaticacid#1218,24.33,50.0
313,635a845c1ab9982803027baa,2021-11-10T23:00:00.000Z,karmaticacid#1218,divine_comedian#5493,for epic tweets and managing comms and giveconomy ,5.0,34.0,55.0,,635a845c1ab9982803027af8,,False,False,False,mateodaza#3156,freshelle#9882,WhyldWanderer#7002,21.13,50.0
175,635a845c1ab9982803027b20,2021-11-06T23:00:00.000Z,Amin#2164,WhyldWanderer#7002,for smart contract review ,5.0,,55.0,,,,False,False,False,mateodaza#3156,Cori#8483,WhyldWanderer#7002,30.0,50.0
308,635a845c1ab9982803027ba5,2021-11-10T23:00:00.000Z,Amin#2164,divine_comedian#5493,for their work on the giveth smart contracts ,5.0,,55.0,,,,False,False,False,mateodaza#3156,Cori#8483,WhyldWanderer#7002,30.0,50.0
94,635a845c1ab9982803027acf,2021-11-06T23:00:00.000Z,Carlos096#8712,Ramin#4479,and for working hard in backend. we had a lot of new features in backend ,5.0,8.0,55.0,,,,False,False,False,mateodaza#3156,freshelle#9882,Nikola Creatrix#5026,22.67,50.0
55,635a845c1ab9982803027aa8,2021-11-06T23:00:00.000Z,karmaticacid#1218,divine_comedian#5493,for leading the GIVeconomy and comms WG ,5.0,34.0,55.0,,635a845c1ab9982803027af8,,False,False,False,mateodaza#3156,freshelle#9882,WhyldWanderer#7002,21.13,50.0
42,635a845c1ab9982803027a9b,2021-11-06T23:00:00.000Z,WhyldWanderer#7002,karmaticacid#1218,for call with Gemini and trying to get GIV listed after launch ,55.0,13.0,5.0,635a845c1ab9982803027af3,,635a845c1ab9982803027b34,False,False,False,tropicalmango#3240,toraif#4775,karmaticacid#1218,6.33,50.0
196,635a845c1ab9982803027b35,2021-11-06T23:00:00.000Z,karmaticacid#1218,WhyldWanderer#7002,for rocking the twitter account ,8.0,13.0,55.0,,,,False,False,False,mateodaza#3156,freshelle#9882,WhyldWanderer#7002,25.33,47.0
218,635a845c1ab9982803027b4b,2021-11-10T23:00:00.000Z,"Griff (üíú,üíú)#8888",Donna.Ofi,for guiding team on GIVeconomy ,8.0,,55.0,,,,False,False,False,hanners717#2022,Cori#8483,WhyldWanderer#7002,31.5,47.0
85,635a845c1ab9982803027ac6,2021-11-06T23:00:00.000Z,MoeNick#1374,Danibelle the Uno and Only#6791,for creating their nrGIV Token Minting proposal! ,8.0,55.0,13.0,,,,False,False,False,cuidadopeligro#4788,tropicalmango#3240,toraif#4775,25.33,47.0
37,635a845c1ab9982803027a96,2021-11-06T23:00:00.000Z,eduadiez#9314,karmaticacid#1218,for smart contracts review call ,8.0,55.0,,,,,False,False,False,fuscia,Nicbals#2154,Ramin#4479,31.5,47.0
66,635a845c1ab9982803027ab3,2021-11-06T23:00:00.000Z,eduadiez#9314,divine_comedian#5493,for providing information on testing the GIVback contracts ,8.0,55.0,,,635a845c1ab9982803027a96,,False,False,False,fuscia,Nicbals#2154,Ramin#4479,6.75,47.0
327,635a845c1ab9982803027bb8,2021-11-10T23:00:00.000Z,Ramin#4479,mateodaza#3156,for surprising and incredible fast development on the new design. YOU ARE THE BEST ,21.0,8.0,55.0,,,,False,False,False,Almond | oyealmond#7049,cuidadopeligro#4788,tropicalmango#3240,28.0,47.0
139,635a845c1ab9982803027afc,2021-11-06T23:00:00.000Z,Amin#2164,griff,for pushing Economy forward! So many deployments so many details to hold in your mind... you are killing it man! ,8.0,,55.0,,,,False,False,False,mateodaza#3156,Cori#8483,WhyldWanderer#7002,31.5,47.0
56,635a845c1ab9982803027aa9,2021-11-06T23:00:00.000Z,"Griff (üíú,üíú)#8888",divine_comedian#5493,for pushing out the GIVmining distro spec for advice ,13.0,,55.0,,,,False,False,False,hanners717#2022,Cori#8483,WhyldWanderer#7002,34.0,42.0
127,635a845c1ab9982803027af0,2021-11-06T23:00:00.000Z,MoeNick#1374,Carlos096#8712,for being always responsive to any question I ahve ,13.0,55.0,13.0,,,,False,False,False,cuidadopeligro#4788,tropicalmango#3240,toraif#4775,27.0,42.0
197,635a845c1ab9982803027b36,2021-11-06T23:00:00.000Z,hannahjojo,WhyldWanderer#7002,for getting gnosis safe up and soliciting participants ,55.0,,13.0,,,635a845c1ab9982803027aaa,False,False,False,Nicbals#2154,Ramin#4479,Danibelle the Uno and Only#6791,28.15,42.0
201,635a845c1ab9982803027b3a,2021-11-08T23:00:00.000Z,MoeNick#1374,Donna.Ofi,"thanks for the nice donation flow on IO, I tested it and loved the flow when donating with Metamask, well-done guys ",13.0,55.0,34.0,,,,False,False,False,cuidadopeligro#4788,tropicalmango#3240,toraif#4775,34.0,42.0
257,635a845c1ab9982803027b72,2021-11-10T23:00:00.000Z,Ramin#4479,karmaticacid#1218,"for implementing admin dashboard, working on new giveth frontend, bug fixes and for overall making the dapp better ",21.0,13.0,55.0,,,,False,False,False,Almond | oyealmond#7049,cuidadopeligro#4788,tropicalmango#3240,29.67,42.0
317,635a845c1ab9982803027bae,2021-11-10T23:00:00.000Z,F√°bio,divine_comedian#5493,"for their constant and great development on givethio, trace and giveconomy ",55.0,55.0,13.0,,,,False,False,False,Danibelle the Uno and Only#6791,ClaraZi#5313,geleeroyale#3228,41.0,42.0
203,635a845c1ab9982803027b3c,2021-11-08T23:00:00.000Z,Ramin#4479,Donna.Ofi,"thanks for the nice donation flow on IO, I tested it and loved the flow when donating with Metamask, well-done guys ",34.0,13.0,55.0,,,,False,False,False,Almond | oyealmond#7049,cuidadopeligro#4788,tropicalmango#3240,34.0,42.0
211,635a845c1ab9982803027b44,2021-11-08T23:00:00.000Z,MoeNick#1374,karmaticacid#1218,"for being DApp heroes, improving efficiency and making cool hacks... I had no idea you could pagination on backend and pagination on the frontend... this is some kind of wizardry and you are all heroes ",13.0,55.0,13.0,,,,False,False,False,cuidadopeligro#4788,tropicalmango#3240,toraif#4775,27.0,42.0
321,635a845c1ab9982803027bb2,2021-11-10T23:00:00.000Z,mateodaza#3156,divine_comedian#5493,"for their constant and great development on givethio, trace and giveconomy ",55.0,13.0,13.0,,,635a845c1ab9982803027b7e,False,False,False,Dr. Suga#8514,Almond | oyealmond#7049,cuidadopeligro#4788,23.1,42.0
87,635a845c1ab9982803027ac8,2021-11-06T23:00:00.000Z,"Griff (üíú,üíú)#8888",Danibelle the Uno and Only#6791,for creating their nrGIV Token Minting proposal! ,13.0,,55.0,,,,False,False,False,hanners717#2022,Cori#8483,WhyldWanderer#7002,34.0,42.0
275,635a845c1ab9982803027b84,2021-11-10T23:00:00.000Z,MoeNick#1374,mohammad_ranjbar_z#2709,for resource management and giving technical advice ,13.0,55.0,21.0,,,,False,False,False,cuidadopeligro#4788,tropicalmango#3240,toraif#4775,29.67,42.0
270,635a845c1ab9982803027b7f,2021-11-10T23:00:00.000Z,Ramin#4479,mohammad_ranjbar_z#2709,for amazing work on giveth.io frontend ,21.0,13.0,55.0,,635a845c1ab9982803027b51,,False,False,False,Almond | oyealmond#7049,cuidadopeligro#4788,tropicalmango#3240,25.77,42.0
242,635a845c1ab9982803027b63,2021-11-10T23:00:00.000Z,MoeNick#1374,Carlos096#8712,for helping me prioritize issues to develop/fix! ,13.0,55.0,21.0,,,,False,False,False,cuidadopeligro#4788,tropicalmango#3240,toraif#4775,29.67,42.0
134,635a845c1ab9982803027af7,2021-11-06T23:00:00.000Z,divine_comedian#5493,griff,"for bringing great vibes and an incredible work ethic, testing everything on the dapps and all the behind the scenes work that doesnt get done. ",55.0,21.0,,,,,False,False,False,karmaticacid#1218,hanners717#2022,Cori#8483,38.0,34.0
114,635a845c1ab9982803027ae3,2021-11-06T23:00:00.000Z,freshelle#9882,Danibelle the Uno and Only#6791,for keeping the timely payments happening ,55.0,55.0,89.0,635a845c1ab9982803027aa6,,635a845c1ab9982803027aa6,False,False,False,divine_comedian#5493,fuscia,Nicbals#2154,23.13,34.0
207,635a845c1ab9982803027b40,2021-11-08T23:00:00.000Z,Donna.Ofi,MoeNick#1374,or reporting lots of issues on io board ,,55.0,21.0,,635a845c1ab9982803027a8b,,False,False,False,Ramin#4479,Danibelle the Uno and Only#6791,ClaraZi#5313,13.25,34.0
300,635a845c1ab9982803027b9d,2021-11-10T23:00:00.000Z,Donna.Ofi,mateodaza#3156,for excellent QA ,,55.0,21.0,,635a845c1ab9982803027a8b,635a845c1ab9982803027b40,False,False,False,Ramin#4479,Danibelle the Uno and Only#6791,ClaraZi#5313,3.8,34.0
274,635a845c1ab9982803027b83,2021-11-10T23:00:00.000Z,Donna.Ofi,mohammad_ranjbar_z#2709,for start working on tests ,,55.0,21.0,,635a845c1ab9982803027a8b,635a845c1ab9982803027b40,False,False,False,Ramin#4479,Danibelle the Uno and Only#6791,ClaraZi#5313,3.8,34.0
239,635a845c1ab9982803027b60,2021-11-10T23:00:00.000Z,Donna.Ofi,Carlos096#8712,for always testing features and finding bugs! ,,55.0,21.0,,635a845c1ab9982803027a8b,635a845c1ab9982803027b40,False,False,False,Ramin#4479,Danibelle the Uno and Only#6791,ClaraZi#5313,3.8,34.0
252,635a845c1ab9982803027b6d,2021-11-10T23:00:00.000Z,Donna.Ofi,karmaticacid#1218,for testing the dapps and point out bugs and missing comms pieces ,,55.0,21.0,,635a845c1ab9982803027a8b,635a845c1ab9982803027b40,False,False,False,Ramin#4479,Danibelle the Uno and Only#6791,ClaraZi#5313,3.8,34.0
26,635a845c1ab9982803027a8b,2021-11-02T23:00:00.000Z,Donna.Ofi,MoeNick#1374,for finding LOTS of bugs from our IO and creating lots pf issues there. ,,55.0,21.0,,,,False,False,False,Ramin#4479,Danibelle the Uno and Only#6791,ClaraZi#5313,38.0,34.0
143,635a845c1ab9982803027b00,2021-11-06T23:00:00.000Z,Amin#2164,griff,for pushing the fixes we need for Gardens! ,21.0,,55.0,,,,False,False,False,mateodaza#3156,Cori#8483,WhyldWanderer#7002,38.0,34.0
72,635a845c1ab9982803027ab9,2021-11-06T23:00:00.000Z,r33pich33p#6906,divine_comedian#5493,for jumping into Giveth and being active commmunity members! ,1.0,21.0,34.0,,,,False,False,False,divine_comedian#5493,fuscia,Nicbals#2154,18.67,33.0
165,635a845c1ab9982803027b16,2021-11-06T23:00:00.000Z,MikeAnanyin[TheWayofTheDAO],WhyldWanderer#7002,for jumping into todays community call! ,1.0,3.0,34.0,,,,False,False,False,divine_comedian#5493,fuscia,Nicbals#2154,12.67,33.0
179,635a845c1ab9982803027b24,2021-11-06T23:00:00.000Z,willyfox#1178,WhyldWanderer#7002,for the autopilot journey hack session ,34.0,13.0,1.0,,,,False,False,False,Nikola Creatrix#5026,divine_comedian#5493,fuscia,16.0,33.0
187,635a845c1ab9982803027b2c,2021-11-06T23:00:00.000Z,markop#2007,WhyldWanderer#7002,for WG Steward PAN distribution hack session ,1.0,13.0,34.0,635a845c1ab9982803027aed,,635a845c1ab9982803027aed,False,False,False,freshelle#9882,Nikola Creatrix#5026,divine_comedian#5493,5.5,33.0
34,635a845c1ab9982803027a93,2021-11-06T23:00:00.000Z,Danibelle the Uno and Only#6791,karmaticacid#1218,for bravely and elegantly adjusting focus ,1.0,34.0,5.0,,,,False,False,False,ClaraZi#5313,geleeroyale#3228,Dr. Suga#8514,13.33,33.0
293,635a845c1ab9982803027b96,2021-11-10T23:00:00.000Z,Rodricast#1415,Ramin#4479,and for amazing work on design system ,13.0,34.0,1.0,,,,False,False,False,ClaraZi#5313,geleeroyale#3228,Dr. Suga#8514,16.0,33.0
124,635a845c1ab9982803027aed,2021-11-06T23:00:00.000Z,markop#2007,Danibelle the Uno and Only#6791,for participating in the PAN reward feedback process ,1.0,13.0,34.0,,635a845c1ab9982803027b2c,,False,False,False,freshelle#9882,Nikola Creatrix#5026,divine_comedian#5493,12.1,33.0
168,635a845c1ab9982803027b19,2021-11-06T23:00:00.000Z,thesmith | ShapeShift DAO,WhyldWanderer#7002,for jumping into todays community call! ,34.0,,1.0,,,,False,False,False,Nicbals#2154,Ramin#4479,Danibelle the Uno and Only#6791,17.5,33.0
90,635a845c1ab9982803027acb,2021-11-06T23:00:00.000Z,karmaticacid#1218,Danibelle the Uno and Only#6791,for creating their nrGIV Token Minting proposal! ,3.0,1.0,34.0,,,,False,False,False,mateodaza#3156,freshelle#9882,WhyldWanderer#7002,12.67,33.0
226,635a845c1ab9982803027b53,2021-11-10T23:00:00.000Z,Rodricast#1415,Donna.Ofi,for their great design on economy and start designing io ,21.0,34.0,1.0,,,,False,False,False,ClaraZi#5313,geleeroyale#3228,Dr. Suga#8514,18.67,33.0
221,635a845c1ab9982803027b4e,2021-11-10T23:00:00.000Z,mohammad_ranjbar_z#2709,Donna.Ofi,for their great job on io and Trace ,34.0,1.0,8.0,,,,False,False,False,toraif#4775,karmaticacid#1218,hanners717#2022,14.33,33.0
245,635a845c1ab9982803027b66,2021-11-10T23:00:00.000Z,Amin#2164,karmaticacid#1218,for working on development for the GIVeconomy ,3.0,,34.0,,,,False,False,False,mateodaza#3156,Cori#8483,WhyldWanderer#7002,18.5,31.0
281,635a845c1ab9982803027b8a,2021-11-10T23:00:00.000Z,mohammad_ranjbar_z#2709,mateodaza#3156,for great dev work and being the best mates ,34.0,3.0,8.0,635a845c1ab9982803027b90,635a845c1ab9982803027aa0,,False,False,False,toraif#4775,karmaticacid#1218,hanners717#2022,3.9,31.0
282,635a845c1ab9982803027b8b,2021-11-10T23:00:00.000Z,MoeNick#1374,mateodaza#3156,for great dev work and being the best mates ,8.0,3.0,34.0,,,635a845c1ab9982803027ad2,False,False,False,cuidadopeligro#4788,tropicalmango#3240,toraif#4775,4.8,31.0
287,635a845c1ab9982803027b90,2021-11-10T23:00:00.000Z,mohammad_ranjbar_z#2709,Ramin#4479,for their great development work ,34.0,3.0,5.0,,635a845c1ab9982803027aa0,,False,False,False,toraif#4775,karmaticacid#1218,hanners717#2022,13.1,31.0
323,635a845c1ab9982803027bb4,2021-11-10T23:00:00.000Z,mohammad_ranjbar_z#2709,divine_comedian#5493,"for their constant and great development on givethio, trace and giveconomy ",34.0,3.0,8.0,635a845c1ab9982803027b90,635a845c1ab9982803027aa0,,False,False,False,toraif#4775,karmaticacid#1218,hanners717#2022,3.9,31.0
97,635a845c1ab9982803027ad2,2021-11-06T23:00:00.000Z,MoeNick#1374,Ramin#4479,for being great dev team ,8.0,3.0,34.0,,,,False,False,False,cuidadopeligro#4788,tropicalmango#3240,toraif#4775,15.0,31.0
65,635a845c1ab9982803027ab2,2021-11-06T23:00:00.000Z,Amin#2164,divine_comedian#5493,for providing information on testing the GIVback contracts ,5.0,,34.0,,,,False,False,False,mateodaza#3156,Cori#8483,WhyldWanderer#7002,19.5,29.0
74,635a845c1ab9982803027abb,2021-11-06T23:00:00.000Z,Amin#2164,divine_comedian#5493,for providing information on testing the GIVback contracts ,5.0,,34.0,635a845c1ab9982803027ab2,,635a845c1ab9982803027ab2,False,False,False,mateodaza#3156,Cori#8483,WhyldWanderer#7002,1.95,29.0
253,635a845c1ab9982803027b6e,2021-11-10T23:00:00.000Z,willyfox#1178,karmaticacid#1218,"for being a great advisor, and stepping into rep Giveth at the rainbow rolls DAO release fund ceremony ",34.0,13.0,5.0,,,,False,False,False,Nikola Creatrix#5026,divine_comedian#5493,fuscia,17.33,29.0
25,635a845c1ab9982803027a8a,2021-11-02T23:00:00.000Z,Amin#2164,Donna.Ofi,for his great job on making our gardens with token happened üôÇ ,5.0,,34.0,,,,False,False,False,mateodaza#3156,Cori#8483,WhyldWanderer#7002,19.5,29.0
189,635a845c1ab9982803027b2e,2021-11-06T23:00:00.000Z,WhyldWanderer#7002,WhyldWanderer#7002,for WG Steward PAN distribution hack session ,34.0,34.0,5.0,,,635a845c1ab9982803027aec,False,False,False,tropicalmango#3240,toraif#4775,karmaticacid#1218,22.83,29.0
298,635a845c1ab9982803027b9b,2021-11-10T23:00:00.000Z,karmaticacid#1218,mateodaza#3156,for being on top of many things and excellent on all ,5.0,34.0,13.0,,635a845c1ab9982803027af8,,False,False,False,mateodaza#3156,freshelle#9882,WhyldWanderer#7002,7.13,29.0
110,635a845c1ab9982803027adf,2021-11-06T23:00:00.000Z,hanners717#2022,MoeNick#1374,for having 1:1 for hiring. ,5.0,34.0,,,,,False,False,False,fuscia,Nicbals#2154,Ramin#4479,19.5,29.0
216,635a845c1ab9982803027b49,2021-11-09T23:00:00.000Z,theycallmejones,karmaticacid#1218,"for being a great project maker liason, supporting Giveth on twitter & beyond, and giving great feedback ",5.0,34.0,21.0,,,,False,False,False,mateodaza#3156,freshelle#9882,Nikola Creatrix#5026,20.0,29.0
123,635a845c1ab9982803027aec,2021-11-06T23:00:00.000Z,WhyldWanderer#7002,Danibelle the Uno and Only#6791,for participating in the PAN reward feedback process ,21.0,34.0,5.0,,,,False,False,False,tropicalmango#3240,toraif#4775,karmaticacid#1218,20.0,29.0
116,635a845c1ab9982803027ae5,2021-11-06T23:00:00.000Z,"Griff (üíú,üíú)#8888",Carlos096#8712,for sorting out my payment üòÑ ,8.0,,34.0,635a845c1ab9982803027aa7,,,False,False,False,hanners717#2022,Cori#8483,WhyldWanderer#7002,17.4,26.0
29,635a845c1ab9982803027a8e,2021-11-03T23:00:00.000Z,Ramin#4479,mohammad_ranjbar_z#2709,for precise testing backend endpoints and report lots of bugs ,34.0,8.0,34.0,,,,False,False,False,Almond | oyealmond#7049,cuidadopeligro#4788,tropicalmango#3240,25.33,26.0
208,635a845c1ab9982803027b41,2021-11-08T23:00:00.000Z,mateodaza#3156,karmaticacid#1218,"for being DApp heroes, improving efficiency and making cool hacks... I had no idea you could pagination on backend and pagination on the frontend... this is some kind of wizardry and you are all heroes ",34.0,8.0,13.0,,,,False,False,False,Dr. Suga#8514,Almond | oyealmond#7049,cuidadopeligro#4788,18.33,26.0
83,635a845c1ab9982803027ac4,2021-11-06T23:00:00.000Z,WhyldWanderer#7002,divine_comedian#5493,for an awesome job facilitating community calls ,34.0,13.0,8.0,,,,False,False,False,tropicalmango#3240,toraif#4775,karmaticacid#1218,18.33,26.0
48,635a845c1ab9982803027aa1,2021-11-06T23:00:00.000Z,Ramin#4479,karmaticacid#1218,for holding down giveth dapp dev ,13.0,8.0,34.0,,,,False,False,False,Almond | oyealmond#7049,cuidadopeligro#4788,tropicalmango#3240,18.33,26.0
324,635a845c1ab9982803027bb5,2021-11-10T23:00:00.000Z,karmaticacid#1218,Donna.Ofi,"for preparing great test guideline for GIVeconomy, it is really needed üôÇ ",8.0,13.0,34.0,,,,False,False,False,mateodaza#3156,freshelle#9882,WhyldWanderer#7002,18.33,26.0
39,635a845c1ab9982803027a98,2021-11-06T23:00:00.000Z,F√°bio,karmaticacid#1218,for supporting GIvfarm nft staking ,13.0,8.0,34.0,,,,False,False,False,Danibelle the Uno and Only#6791,ClaraZi#5313,geleeroyale#3228,18.33,26.0
96,635a845c1ab9982803027ad1,2021-11-06T23:00:00.000Z,Danibelle the Uno and Only#6791,Danibelle the Uno and Only#6791,"for creating her nrGIV token proposal, volunteering to be on the MultiSigs and staying an active contributor while resigning from WG Steward role and regular rewards üòâ ",8.0,34.0,8.0,,,,False,False,False,ClaraZi#5313,geleeroyale#3228,Dr. Suga#8514,16.67,26.0
54,635a845c1ab9982803027aa7,2021-11-06T23:00:00.000Z,"Griff (üíú,üíú)#8888",karmaticacid#1218,for getting us paid ,8.0,,34.0,,,,False,False,False,hanners717#2022,Cori#8483,WhyldWanderer#7002,21.0,26.0
192,635a845c1ab9982803027b31,2021-11-06T23:00:00.000Z,"Griff (üíú,üíú)#8888",WhyldWanderer#7002,for the bankless interview ,13.0,,34.0,635a845c1ab9982803027a91,,635a845c1ab9982803027a91,False,False,False,hanners717#2022,Cori#8483,WhyldWanderer#7002,2.35,21.0
307,635a845c1ab9982803027ba4,2021-11-10T23:00:00.000Z,WhyldWanderer#7002,divine_comedian#5493,for her keen eye on segment and autopilot and for updating new project listed/unlisted statuses ,34.0,21.0,13.0,,,,False,False,False,tropicalmango#3240,toraif#4775,karmaticacid#1218,22.67,21.0
261,635a845c1ab9982803027b76,2021-11-10T23:00:00.000Z,"Griff (üíú,üíú)#8888",karmaticacid#1218,"for twitter support, economy support, for being a very strategic Givether and adding value all over ",13.0,,34.0,,,,False,False,False,hanners717#2022,Cori#8483,WhyldWanderer#7002,23.5,21.0
318,635a845c1ab9982803027baf,2021-11-10T23:00:00.000Z,Ramin#4479,divine_comedian#5493,"for their constant and great development on givethio, trace and giveconomy ",21.0,13.0,34.0,,635a845c1ab9982803027b51,,False,False,False,Almond | oyealmond#7049,cuidadopeligro#4788,tropicalmango#3240,18.77,21.0
3,635a845c1ab9982803027a74,2021-11-01T23:00:00.000Z,Amin#2164,karmaticacid#1218,"for all their work today on the GIVeconomy, for answering many questions and for pushing GIV to the finish line ",34.0,,55.0,,,,False,False,False,mateodaza#3156,Cori#8483,WhyldWanderer#7002,44.5,21.0
76,635a845c1ab9982803027abd,2021-11-06T23:00:00.000Z,divine_comedian#5493,Danibelle the Uno and Only#6791,for diving into Giveth Governance stewardship and taking over the Monday meeting ,34.0,13.0,,,,,False,False,False,karmaticacid#1218,hanners717#2022,Cori#8483,23.5,21.0
209,635a845c1ab9982803027b42,2021-11-08T23:00:00.000Z,Ramin#4479,karmaticacid#1218,"for being DApp heroes, improving efficiency and making cool hacks... I had no idea you could pagination on backend and pagination on the frontend... this is some kind of wizardry and you are all heroes ",13.0,13.0,34.0,,,,False,False,False,Almond | oyealmond#7049,cuidadopeligro#4788,tropicalmango#3240,20.0,21.0
305,635a845c1ab9982803027ba2,2021-11-10T23:00:00.000Z,Mo ü§ñ#0356,divine_comedian#5493,for his constant design work and iterations on the givethIO redesign and GIVeconomy frames ,34.0,55.0,34.0,635a845c1ab9982803027ae0,,635a845c1ab9982803027b54,False,False,False,Danibelle the Uno and Only#6791,ClaraZi#5313,geleeroyale#3228,20.6,21.0
82,635a845c1ab9982803027ac3,2021-11-06T23:00:00.000Z,WhyldWanderer#7002,Danibelle the Uno and Only#6791,for clarifying the project verification process and making it easier to decentralize within the team! ,34.0,13.0,13.0,,,635a845c1ab9982803027ab1,False,False,False,tropicalmango#3240,toraif#4775,karmaticacid#1218,16.1,21.0
224,635a845c1ab9982803027b51,2021-11-10T23:00:00.000Z,Ramin#4479,Donna.Ofi,for their great job on io and Trace ,13.0,13.0,34.0,,,,False,False,False,Almond | oyealmond#7049,cuidadopeligro#4788,tropicalmango#3240,20.0,21.0
32,635a845c1ab9982803027a91,2021-11-06T23:00:00.000Z,"Griff (üíú,üíú)#8888",karmaticacid#1218,"for bankless interview, getting eyes on giveth ",13.0,,34.0,,,,False,False,False,hanners717#2022,Cori#8483,WhyldWanderer#7002,23.5,21.0
322,635a845c1ab9982803027bb3,2021-11-10T23:00:00.000Z,MoeNick#1374,divine_comedian#5493,"for their constant and great development on givethio, trace and giveconomy ",13.0,34.0,34.0,,,635a845c1ab9982803027ad2,False,False,False,cuidadopeligro#4788,tropicalmango#3240,toraif#4775,16.8,21.0
50,635a845c1ab9982803027aa3,2021-11-06T23:00:00.000Z,Amin#2164,karmaticacid#1218,for holding down giveth dapp dev ,13.0,,34.0,,,,False,False,False,mateodaza#3156,Cori#8483,WhyldWanderer#7002,23.5,21.0
182,635a845c1ab9982803027b27,2021-11-06T23:00:00.000Z,Mo ü§ñ#0356,WhyldWanderer#7002,for holding down design efforts ,34.0,13.0,21.0,635a845c1ab9982803027ae0,,,False,False,False,Danibelle the Uno and Only#6791,ClaraZi#5313,geleeroyale#3228,12.47,21.0
259,635a845c1ab9982803027b74,2021-11-10T23:00:00.000Z,Amin#2164,karmaticacid#1218,"for implementing admin dashboard, working on new giveth frontend, bug fixes and for overall making the dapp better ",13.0,,34.0,,,,False,False,False,mateodaza#3156,Cori#8483,WhyldWanderer#7002,23.5,21.0
232,635a845c1ab9982803027b59,2021-11-10T23:00:00.000Z,mateodaza#3156,Donna.Ofi,for great development job on admin panel and bug fixing ,34.0,21.0,13.0,,,,False,False,False,Dr. Suga#8514,Almond | oyealmond#7049,cuidadopeligro#4788,22.67,21.0
148,635a845c1ab9982803027b05,2021-11-06T23:00:00.000Z,karmaticacid#1218,griff,for pushing the fixes we need for Gardens! ,13.0,13.0,34.0,,,,False,False,False,mateodaza#3156,freshelle#9882,WhyldWanderer#7002,20.0,21.0
291,635a845c1ab9982803027b94,2021-11-10T23:00:00.000Z,Mo ü§ñ#0356,Ramin#4479,and for amazing work on design system ,34.0,13.0,34.0,635a845c1ab9982803027ae0,,,False,False,False,Danibelle the Uno and Only#6791,ClaraZi#5313,geleeroyale#3228,16.8,21.0
219,635a845c1ab9982803027b4c,2021-11-10T23:00:00.000Z,karmaticacid#1218,Donna.Ofi,for guiding team on GIVeconomy ,13.0,13.0,34.0,,635a845c1ab9982803027bb5,,False,False,False,mateodaza#3156,freshelle#9882,WhyldWanderer#7002,16.1,21.0
306,635a845c1ab9982803027ba3,2021-11-10T23:00:00.000Z,Mo ü§ñ#0356,divine_comedian#5493,for being a mobile design master and rethinking design components in creative ways ,34.0,55.0,34.0,635a845c1ab9982803027ae0,,635a845c1ab9982803027b54,False,False,False,Danibelle the Uno and Only#6791,ClaraZi#5313,geleeroyale#3228,20.6,21.0
18,635a845c1ab9982803027a83,2021-11-02T23:00:00.000Z,mohammad_ranjbar_z#2709,markop#2007,to for being wonderful human beings. I love you all üíú ,21.0,1.0,5.0,,,,False,False,False,toraif#4775,karmaticacid#1218,hanners717#2022,9.0,20.0
193,635a845c1ab9982803027b32,2021-11-06T23:00:00.000Z,willyfox#1178,WhyldWanderer#7002,for connecting with Gemini and working toward token listing ,13.0,21.0,1.0,635a845c1ab9982803027af4,635a845c1ab9982803027a9a,,False,False,False,Nikola Creatrix#5026,divine_comedian#5493,fuscia,1.47,20.0
186,635a845c1ab9982803027b2b,2021-11-06T23:00:00.000Z,karmaticacid#1218,WhyldWanderer#7002,for WG Steward PAN distribution hack session ,3.0,1.0,21.0,,,,False,False,False,mateodaza#3156,freshelle#9882,WhyldWanderer#7002,8.33,20.0
255,635a845c1ab9982803027b70,2021-11-10T23:00:00.000Z,mateodaza#3156,karmaticacid#1218,"for implementing admin dashboard, working on new giveth frontend, bug fixes and for overall making the dapp better ",1.0,21.0,13.0,,,635a845c1ab9982803027b59,False,False,False,Dr. Suga#8514,Almond | oyealmond#7049,cuidadopeligro#4788,7.77,20.0
160,635a845c1ab9982803027b11,2021-11-06T23:00:00.000Z,Nicklas | The Way of The DAO,WhyldWanderer#7002,for jumping into todays community call! ,21.0,,1.0,,,,False,False,False,Nicbals#2154,Ramin#4479,Danibelle the Uno and Only#6791,11.0,20.0
41,635a845c1ab9982803027a9a,2021-11-06T23:00:00.000Z,willyfox#1178,karmaticacid#1218,for call with Gemini and trying to get GIV listed after launch ,13.0,21.0,1.0,635a845c1ab9982803027af4,,,False,False,False,Nikola Creatrix#5026,divine_comedian#5493,fuscia,7.77,20.0
80,635a845c1ab9982803027ac1,2021-11-06T23:00:00.000Z,mohammad_ranjbar_z#2709,MoeNick#1374,for being great team members. ,21.0,1.0,5.0,635a845c1ab9982803027a83,635a845c1ab9982803027a83,,False,False,False,toraif#4775,karmaticacid#1218,hanners717#2022,2.4,20.0
158,635a845c1ab9982803027b0f,2021-11-06T23:00:00.000Z,WhyldWanderer#7002,WhyldWanderer#7002,for jumping into todays community call! ,3.0,21.0,1.0,,,,False,False,False,tropicalmango#3240,toraif#4775,karmaticacid#1218,8.33,20.0
122,635a845c1ab9982803027aeb,2021-11-06T23:00:00.000Z,karmaticacid#1218,Danibelle the Uno and Only#6791,for participating in the PAN reward feedback process ,8.0,1.0,21.0,,635a845c1ab9982803027b2b,,False,False,False,mateodaza#3156,freshelle#9882,WhyldWanderer#7002,9.7,20.0
149,635a845c1ab9982803027b06,2021-11-06T23:00:00.000Z,r33pich33p#6906,griff,for the push to do retroactive funding ,3.0,8.0,21.0,,,,False,False,False,divine_comedian#5493,fuscia,Nicbals#2154,10.67,18.0
91,635a845c1ab9982803027acc,2021-11-06T23:00:00.000Z,WhyldWanderer#7002,Danibelle the Uno and Only#6791,for creating their nrGIV Token Minting proposal! ,21.0,13.0,3.0,,,,False,False,False,tropicalmango#3240,toraif#4775,karmaticacid#1218,12.33,18.0
336,635a845c1ab9982803027bc1,2021-11-13T23:00:00.000Z,willyfox#1178,willyfox#1178,for hacking on GIV Listing application for Gemini ,13.0,21.0,3.0,,635a845c1ab9982803027a9a,,False,False,False,Nikola Creatrix#5026,divine_comedian#5493,fuscia,6.03,18.0
119,635a845c1ab9982803027ae8,2021-11-06T23:00:00.000Z,Danibelle the Uno and Only#6791,Danibelle the Uno and Only#6791,for participating in the PAN reward feedback process ,3.0,13.0,21.0,,,,False,False,False,ClaraZi#5313,geleeroyale#3228,Dr. Suga#8514,12.33,18.0
206,635a845c1ab9982803027b3f,2021-11-08T23:00:00.000Z,karmaticacid#1218,Donna.Ofi,"thanks for the nice donation flow on IO, I tested it and loved the flow when donating with Metamask, well-done guys ",3.0,21.0,21.0,,,,False,False,False,mateodaza#3156,freshelle#9882,WhyldWanderer#7002,15.0,18.0
202,635a845c1ab9982803027b3b,2021-11-08T23:00:00.000Z,mohammad_ranjbar_z#2709,Donna.Ofi,"thanks for the nice donation flow on IO, I tested it and loved the flow when donating with Metamask, well-done guys ",21.0,3.0,13.0,,,,False,False,False,toraif#4775,karmaticacid#1218,hanners717#2022,12.33,18.0
241,635a845c1ab9982803027b62,2021-11-10T23:00:00.000Z,karmaticacid#1218,Carlos096#8712,for always testing features and finding bugs! ,3.0,13.0,21.0,,,,False,False,False,mateodaza#3156,freshelle#9882,WhyldWanderer#7002,12.33,18.0
131,635a845c1ab9982803027af4,2021-11-06T23:00:00.000Z,willyfox#1178,griff,and Franck for helping push GIV token on Gemini ,13.0,21.0,3.0,,635a845c1ab9982803027a9a,,False,False,False,Nikola Creatrix#5026,divine_comedian#5493,fuscia,6.03,18.0
136,635a845c1ab9982803027af9,2021-11-06T23:00:00.000Z,willyfox#1178,griff,for organizing the DAOstack DAO exit! ,13.0,21.0,3.0,,,,False,False,False,Nikola Creatrix#5026,divine_comedian#5493,fuscia,12.33,18.0
36,635a845c1ab9982803027a95,2021-11-06T23:00:00.000Z,Amin#2164,karmaticacid#1218,for smart contracts review call ,3.0,,21.0,,,,False,False,False,mateodaza#3156,Cori#8483,WhyldWanderer#7002,12.0,18.0
265,635a845c1ab9982803027b7a,2021-11-10T23:00:00.000Z,Amin#2164,mohammad_ranjbar_z#2709,for helping me to understand giv economy ,3.0,,21.0,,,,False,False,False,mateodaza#3156,Cori#8483,WhyldWanderer#7002,12.0,18.0
334,635a845c1ab9982803027bbf,2021-11-13T23:00:00.000Z,karmaticacid#1218,willyfox#1178,for hacking on GIV Listing application for Gemini ,3.0,13.0,21.0,,,,False,False,False,mateodaza#3156,freshelle#9882,WhyldWanderer#7002,12.33,18.0
246,635a845c1ab9982803027b67,2021-11-10T23:00:00.000Z,eduadiez#9314,karmaticacid#1218,for working on development for the GIVeconomy ,3.0,21.0,,,,,False,False,False,fuscia,Nicbals#2154,Ramin#4479,12.0,18.0
105,635a845c1ab9982803027ada,2021-11-06T23:00:00.000Z,mohammad_ranjbar_z#2709,Carlos096#8712,for being insane team members and developing features fast! ,21.0,5.0,13.0,635a845c1ab9982803027a83,,,False,False,False,toraif#4775,karmaticacid#1218,hanners717#2022,6.7,16.0
237,635a845c1ab9982803027b5e,2021-11-10T23:00:00.000Z,Amin#2164,Carlos096#8712,for being an amazing team and writing features fast! ,5.0,,21.0,,,,False,False,False,mateodaza#3156,Cori#8483,WhyldWanderer#7002,13.0,16.0
231,635a845c1ab9982803027b58,2021-11-10T23:00:00.000Z,Carlos096#8712,Donna.Ofi,for great development job on admin panel and bug fixing ,5.0,21.0,13.0,,635a845c1ab9982803027b71,,False,False,False,mateodaza#3156,freshelle#9882,Nikola Creatrix#5026,6.7,16.0
101,635a845c1ab9982803027ad6,2021-11-06T23:00:00.000Z,karmaticacid#1218,MoeNick#1374,for her great positive vibe and supporting us everywhere ,8.0,5.0,21.0,,,,False,False,False,mateodaza#3156,freshelle#9882,WhyldWanderer#7002,11.33,16.0
27,635a845c1ab9982803027a8c,2021-11-02T23:00:00.000Z,mohammad_ranjbar_z#2709,Carlos096#8712,for being so helpful in reviewing my code! ,21.0,5.0,8.0,635a845c1ab9982803027a83,,,False,False,False,toraif#4775,karmaticacid#1218,hanners717#2022,5.03,16.0
195,635a845c1ab9982803027b34,2021-11-06T23:00:00.000Z,WhyldWanderer#7002,WhyldWanderer#7002,for connecting with Gemini and working toward token listing ,5.0,21.0,5.0,,,,False,False,False,tropicalmango#3240,toraif#4775,karmaticacid#1218,10.33,16.0
256,635a845c1ab9982803027b71,2021-11-10T23:00:00.000Z,Carlos096#8712,karmaticacid#1218,"for implementing admin dashboard, working on new giveth frontend, bug fixes and for overall making the dapp better ",5.0,21.0,13.0,,,635a845c1ab9982803027ab0,False,False,False,mateodaza#3156,freshelle#9882,Nikola Creatrix#5026,9.1,16.0
183,635a845c1ab9982803027b28,2021-11-06T23:00:00.000Z,Amin#2164,WhyldWanderer#7002,for WG Steward PAN distribution hack session ,5.0,,21.0,,,,False,False,False,mateodaza#3156,Cori#8483,WhyldWanderer#7002,13.0,16.0
215,635a845c1ab9982803027b48,2021-11-08T23:00:00.000Z,willyfox#1178,karmaticacid#1218,for being available to rep Giveth at the NFTP DAO Fund Release Ceremony w Rainbow Rolls - you're the besttttt üôá‚Äç‚ôÄÔ∏è ,5.0,21.0,5.0,,,,False,False,False,Nikola Creatrix#5026,divine_comedian#5493,fuscia,10.33,16.0
266,635a845c1ab9982803027b7b,2021-11-10T23:00:00.000Z,karmaticacid#1218,mohammad_ranjbar_z#2709,for helping me to understand giv economy ,5.0,13.0,21.0,,635a845c1ab9982803027bb5,,False,False,False,mateodaza#3156,freshelle#9882,WhyldWanderer#7002,9.1,16.0
204,635a845c1ab9982803027b3d,2021-11-08T23:00:00.000Z,mateodaza#3156,Donna.Ofi,"thanks for the nice donation flow on IO, I tested it and loved the flow when donating with Metamask, well-done guys ",21.0,5.0,13.0,,,,False,False,False,Dr. Suga#8514,Almond | oyealmond#7049,cuidadopeligro#4788,13.0,16.0
260,635a845c1ab9982803027b75,2021-11-10T23:00:00.000Z,MoeNick#1374,Donna.Ofi,for taking today off to celebrate his wife's Birthday ,5.0,0.0,13.0,,,,False,True,False,cuidadopeligro#4788,tropicalmango#3240,toraif#4775,6.0,13.0
44,635a845c1ab9982803027a9d,2021-11-06T23:00:00.000Z,markop#2007,karmaticacid#1218,for working on GIVdrop design fixes ,13.0,8.0,21.0,,,,False,False,False,freshelle#9882,Nikola Creatrix#5026,divine_comedian#5493,14.0,13.0
303,635a845c1ab9982803027ba0,2021-11-10T23:00:00.000Z,mohammad_ranjbar_z#2709,divine_comedian#5493,for quick responses to testing and fixing issues on the fly ,21.0,8.0,13.0,,,,False,False,False,toraif#4775,karmaticacid#1218,hanners717#2022,14.0,13.0
316,635a845c1ab9982803027bad,2021-11-10T23:00:00.000Z,gabi,Donna.Ofi,for their great job on Gardens and helping us to make it happen ,,21.0,34.0,,635a845c1ab9982803027b02,,False,False,False,Ramin#4479,Danibelle the Uno and Only#6791,ClaraZi#5313,18.05,13.0
210,635a845c1ab9982803027b43,2021-11-08T23:00:00.000Z,mohammad_ranjbar_z#2709,karmaticacid#1218,"for being DApp heroes, improving efficiency and making cool hacks... I had no idea you could pagination on backend and pagination on the frontend... this is some kind of wizardry and you are all heroes ",21.0,8.0,13.0,,,,False,False,False,toraif#4775,karmaticacid#1218,hanners717#2022,14.0,13.0
249,635a845c1ab9982803027b6a,2021-11-10T23:00:00.000Z,gabi,karmaticacid#1218,for continued support and development on gardens ,,21.0,34.0,,635a845c1ab9982803027b02,635a845c1ab9982803027bad,False,False,False,Ramin#4479,Danibelle the Uno and Only#6791,ClaraZi#5313,2.75,13.0
268,635a845c1ab9982803027b7d,2021-11-10T23:00:00.000Z,MoeNick#1374,karmaticacid#1218,"for being communicative, resource sharing, keeping an eye on designs and running a tight operation for Giveth ",8.0,21.0,21.0,,,,False,False,False,cuidadopeligro#4788,tropicalmango#3240,toraif#4775,16.67,13.0
269,635a845c1ab9982803027b7e,2021-11-10T23:00:00.000Z,mateodaza#3156,mohammad_ranjbar_z#2709,for amazing work on giveth.io frontend ,21.0,8.0,13.0,,,,False,False,False,Dr. Suga#8514,Almond | oyealmond#7049,cuidadopeligro#4788,14.0,13.0
125,635a845c1ab9982803027aee,2021-11-06T23:00:00.000Z,WhyldWanderer#7002,Carlos096#8712,for pushing forward the giving blocks integration ,21.0,13.0,8.0,,,,False,False,False,tropicalmango#3240,toraif#4775,karmaticacid#1218,14.0,13.0
174,635a845c1ab9982803027b1f,2021-11-06T23:00:00.000Z,karmaticacid#1218,WhyldWanderer#7002,for the forum post regarding GIVgarden parameters ,8.0,13.0,21.0,,635a845c1ab9982803027b05,,False,False,False,mateodaza#3156,freshelle#9882,WhyldWanderer#7002,10.1,13.0
33,635a845c1ab9982803027a92,2021-11-06T23:00:00.000Z,WhyldWanderer#7002,karmaticacid#1218,for supporting lots of wanders on the discord and leading regenerative Commons coalition ,21.0,8.0,8.0,,,,False,False,False,tropicalmango#3240,toraif#4775,karmaticacid#1218,12.33,13.0
312,635a845c1ab9982803027ba9,2021-11-10T23:00:00.000Z,gabi,divine_comedian#5493,for fixing issues related to gardens and the givgarden ,,21.0,34.0,,635a845c1ab9982803027b02,635a845c1ab9982803027bad,False,False,False,Ramin#4479,Danibelle the Uno and Only#6791,ClaraZi#5313,2.75,13.0
181,635a845c1ab9982803027b26,2021-11-06T23:00:00.000Z,Rodricast#1415,WhyldWanderer#7002,for holding down design efforts ,13.0,21.0,8.0,,,,False,False,False,ClaraZi#5313,geleeroyale#3228,Dr. Suga#8514,14.0,13.0
70,635a845c1ab9982803027ab7,2021-11-06T23:00:00.000Z,crusher,divine_comedian#5493,for jumping into Giveth and being active commmunity members! ,21.0,8.0,21.0,,,,False,False,False,Nikola Creatrix#5026,divine_comedian#5493,fuscia,16.67,13.0
227,635a845c1ab9982803027b54,2021-11-10T23:00:00.000Z,Mo ü§ñ#0356,Donna.Ofi,for their great design on economy and start designing io ,34.0,21.0,34.0,635a845c1ab9982803027ae0,,,False,False,False,Danibelle the Uno and Only#6791,ClaraZi#5313,geleeroyale#3228,19.47,13.0
6,635a845c1ab9982803027a77,2021-11-01T23:00:00.000Z,"Griff (üíú,üíú)#8888",karmaticacid#1218,for answering questions and supporting GIVeconomy production ,8.0,,21.0,,,,False,False,False,hanners717#2022,Cori#8483,WhyldWanderer#7002,14.5,13.0
142,635a845c1ab9982803027aff,2021-11-06T23:00:00.000Z,Amin#2164,griff,for the awesome call going over the smart contracts this weekend ,8.0,,21.0,,,,False,False,False,mateodaza#3156,Cori#8483,WhyldWanderer#7002,14.5,13.0
35,635a845c1ab9982803027a94,2021-11-06T23:00:00.000Z,MoeNick#1374,karmaticacid#1218,for pushing development forward and keeping us organized ,21.0,21.0,8.0,,,,False,False,False,cuidadopeligro#4788,tropicalmango#3240,toraif#4775,16.67,13.0
7,635a845c1ab9982803027a78,2021-11-02T23:00:00.000Z,karmaticacid#1218,markop#2007,to for being wonderful human beings. I love you all üíú ,1.0,1.0,13.0,,,,False,False,False,mateodaza#3156,freshelle#9882,WhyldWanderer#7002,5.0,12.0
290,635a845c1ab9982803027b93,2021-11-10T23:00:00.000Z,mateodaza#3156,Ramin#4479,for their great development work ,1.0,3.0,13.0,,,635a845c1ab9982803027b7e,False,False,False,Dr. Suga#8514,Almond | oyealmond#7049,cuidadopeligro#4788,1.77,12.0
69,635a845c1ab9982803027ab6,2021-11-06T23:00:00.000Z,_lunahawk,divine_comedian#5493,for jumping into Giveth and being active commmunity members! ,1.0,5.0,13.0,,,,False,False,False,Danibelle the Uno and Only#6791,ClaraZi#5313,geleeroyale#3228,6.33,12.0
159,635a845c1ab9982803027b10,2021-11-06T23:00:00.000Z,JellyDiver,WhyldWanderer#7002,for jumping into todays community call! ,13.0,,1.0,,,,False,False,False,Nicbals#2154,Ramin#4479,Danibelle the Uno and Only#6791,7.0,12.0
151,635a845c1ab9982803027b08,2021-11-06T23:00:00.000Z,MoeNick#1374,WhyldWanderer#7002,for jumping into todays community call! ,1.0,3.0,13.0,,,,False,False,False,cuidadopeligro#4788,tropicalmango#3240,toraif#4775,5.67,12.0
262,635a845c1ab9982803027b77,2021-11-10T23:00:00.000Z,Carlos096#8712,mohammad_ranjbar_z#2709,for being a great backend developer ,3.0,1.0,13.0,,,635a845c1ab9982803027ab0,False,False,False,mateodaza#3156,freshelle#9882,Nikola Creatrix#5026,1.77,12.0
73,635a845c1ab9982803027aba,2021-11-06T23:00:00.000Z,graymachine#0976,divine_comedian#5493,for jumping into Giveth and being active commmunity members! ,5.0,13.0,1.0,,,,False,False,False,ClaraZi#5313,geleeroyale#3228,Dr. Suga#8514,6.33,12.0
126,635a845c1ab9982803027aef,2021-11-06T23:00:00.000Z,karmaticacid#1218,Carlos096#8712,for all the positive vibes! ,3.0,1.0,13.0,,,,False,False,False,mateodaza#3156,freshelle#9882,WhyldWanderer#7002,5.67,12.0
21,635a845c1ab9982803027a86,2021-11-02T23:00:00.000Z,freshelle#9882,markop#2007,to for being wonderful human beings. I love you all üíú ,3.0,1.0,13.0,,,,False,False,False,divine_comedian#5493,fuscia,Nicbals#2154,5.67,12.0
191,635a845c1ab9982803027b30,2021-11-06T23:00:00.000Z,Danibelle the Uno and Only#6791,WhyldWanderer#7002,for project verification process feedback ,3.0,13.0,1.0,,,,False,False,False,ClaraZi#5313,geleeroyale#3228,Dr. Suga#8514,5.67,12.0
71,635a845c1ab9982803027ab8,2021-11-06T23:00:00.000Z,anson parker | utc -4,divine_comedian#5493,for jumping into Giveth and being active commmunity members! ,1.0,5.0,13.0,,,,False,False,False,Danibelle the Uno and Only#6791,ClaraZi#5313,geleeroyale#3228,6.33,12.0
68,635a845c1ab9982803027ab5,2021-11-06T23:00:00.000Z,willyfox#1178,divine_comedian#5493,for introducing all these rad shapeshift to Giveth ,13.0,13.0,3.0,,,,False,False,False,Nikola Creatrix#5026,divine_comedian#5493,fuscia,9.67,10.0
247,635a845c1ab9982803027b68,2021-11-10T23:00:00.000Z,mohammad_ranjbar_z#2709,karmaticacid#1218,for working on development for the GIVeconomy ,13.0,3.0,13.0,,,,False,False,False,toraif#4775,karmaticacid#1218,hanners717#2022,9.67,10.0
77,635a845c1ab9982803027abe,2021-11-06T23:00:00.000Z,Amin#2164,MoeNick#1374,for being great team members. ,3.0,,13.0,,,,False,False,False,mateodaza#3156,Cori#8483,WhyldWanderer#7002,8.0,10.0
272,635a845c1ab9982803027b81,2021-11-10T23:00:00.000Z,freshelle#9882,Donna.Ofi,for her organization skills and positive vibes ,13.0,3.0,13.0,,,,False,False,False,divine_comedian#5493,fuscia,Nicbals#2154,9.67,10.0
88,635a845c1ab9982803027ac9,2021-11-06T23:00:00.000Z,mohammad_ranjbar_z#2709,Danibelle the Uno and Only#6791,for creating their nrGIV Token Minting proposal! ,5.0,3.0,13.0,,,,False,False,False,toraif#4775,karmaticacid#1218,hanners717#2022,7.0,10.0
295,635a845c1ab9982803027b98,2021-11-10T23:00:00.000Z,karmaticacid#1218,mohammad_ranjbar_z#2709,to give me chance to work with smart contracts and giv economy ,3.0,5.0,13.0,,,,False,False,False,mateodaza#3156,freshelle#9882,WhyldWanderer#7002,7.0,10.0
320,635a845c1ab9982803027bb1,2021-11-10T23:00:00.000Z,Carlos096#8712,divine_comedian#5493,"for their constant and great development on givethio, trace and giveconomy ",5.0,13.0,3.0,,,,False,False,False,mateodaza#3156,freshelle#9882,Nikola Creatrix#5026,7.0,10.0
93,635a845c1ab9982803027ace,2021-11-06T23:00:00.000Z,mohammad_ranjbar_z#2709,Ramin#4479,and for working hard in backend. we had a lot of new features in backend ,8.0,3.0,13.0,,,,False,False,False,toraif#4775,karmaticacid#1218,hanners717#2022,8.0,10.0
331,635a845c1ab9982803027bbc,2021-11-10T23:00:00.000Z,mohammad_ranjbar_z#2709,divine_comedian#5493,for joining GAMEZZZ ,13.0,3.0,3.0,,,,False,False,False,toraif#4775,karmaticacid#1218,hanners717#2022,6.33,10.0
51,635a845c1ab9982803027aa4,2021-11-06T23:00:00.000Z,divine_comedian#5493,karmaticacid#1218,for holding down giveth dapp dev ,3.0,13.0,,,,,False,False,False,karmaticacid#1218,hanners717#2022,Cori#8483,8.0,10.0
109,635a845c1ab9982803027ade,2021-11-06T23:00:00.000Z,divine_comedian#5493,Danibelle the Uno and Only#6791,for the continued epic designs and systems ,3.0,13.0,,,,,False,False,False,karmaticacid#1218,hanners717#2022,Cori#8483,8.0,10.0
330,635a845c1ab9982803027bbb,2021-11-10T23:00:00.000Z,WhyldWanderer#7002,divine_comedian#5493,for joining GAMEZZZ ,3.0,13.0,3.0,,,,False,False,False,tropicalmango#3240,toraif#4775,karmaticacid#1218,6.33,10.0
47,635a845c1ab9982803027aa0,2021-11-06T23:00:00.000Z,mohammad_ranjbar_z#2709,karmaticacid#1218,for holding down giveth dapp dev ,13.0,3.0,8.0,,,,False,False,False,toraif#4775,karmaticacid#1218,hanners717#2022,8.0,10.0
283,635a845c1ab9982803027b8c,2021-11-10T23:00:00.000Z,Ramin#4479,mateodaza#3156,for great dev work and being the best mates ,3.0,13.0,3.0,,635a845c1ab9982803027b51,,False,False,False,Almond | oyealmond#7049,cuidadopeligro#4788,tropicalmango#3240,2.43,10.0
285,635a845c1ab9982803027b8e,2021-11-10T23:00:00.000Z,divine_comedian#5493,mateodaza#3156,for great dev work and being the best mates ,3.0,13.0,,,,,False,False,False,karmaticacid#1218,hanners717#2022,Cori#8483,8.0,10.0
289,635a845c1ab9982803027b92,2021-11-10T23:00:00.000Z,Amin#2164,Ramin#4479,for their great development work ,5.0,,13.0,,,,False,False,False,mateodaza#3156,Cori#8483,WhyldWanderer#7002,9.0,8.0
250,635a845c1ab9982803027b6b,2021-11-10T23:00:00.000Z,WhyldWanderer#7002,karmaticacid#1218,"for supporting Giveth users, for keeping tabs on all things project verification, and for continuing to look for ways to improve Giveth through the discord ",21.0,13.0,13.0,,,635a845c1ab9982803027b55,False,False,False,tropicalmango#3240,toraif#4775,karmaticacid#1218,11.77,8.0
263,635a845c1ab9982803027b78,2021-11-10T23:00:00.000Z,"Griff (üíú,üíú)#8888",karmaticacid#1218,"@algene for hacking GIVdrop, adding in missing addresses, missing people and pushing to the finish ",13.0,,21.0,,,,False,False,False,hanners717#2022,Cori#8483,WhyldWanderer#7002,17.0,8.0
325,635a845c1ab9982803027bb6,2021-11-10T23:00:00.000Z,"Griff (üíú,üíú)#8888",Donna.Ofi,"for the amazing Miro diagram of all the smart contracts on GIVeconomy, it gives a great overview of how it works ",13.0,,21.0,,,,False,False,False,hanners717#2022,Cori#8483,WhyldWanderer#7002,17.0,8.0
332,635a845c1ab9982803027bbd,2021-11-10T23:00:00.000Z,divine_comedian#5493,karmaticacid#1218,for hosting GAMEZZZ ,5.0,13.0,,635a845c1ab9982803027b7c,,,False,False,False,karmaticacid#1218,hanners717#2022,Cori#8483,6.75,8.0
335,635a845c1ab9982803027bc0,2021-11-13T23:00:00.000Z,"Griff (üíú,üíú)#8888",willyfox#1178,for hacking on GIV Listing application for Gemini ,13.0,,21.0,635a845c1ab9982803027a9c,,635a845c1ab9982803027a9c,False,False,False,hanners717#2022,Cori#8483,WhyldWanderer#7002,1.7,8.0
296,635a845c1ab9982803027b99,2021-11-10T23:00:00.000Z,geleeroyale#3228,Ramin#4479,for fast support us on devOps ,,21.0,13.0,,,,False,False,False,Ramin#4479,Danibelle the Uno and Only#6791,ClaraZi#5313,17.0,8.0
0,635a845c1ab9982803027a71,2021-11-01T23:00:00.000Z,hanners717#2022,Donna.Ofi,for all her support üòä ,5.0,13.0,,,,,False,False,False,fuscia,Nicbals#2154,Ramin#4479,9.0,8.0
121,635a845c1ab9982803027aea,2021-11-06T23:00:00.000Z,divine_comedian#5493,Danibelle the Uno and Only#6791,for participating in the PAN reward feedback process ,5.0,13.0,,,,,False,False,False,karmaticacid#1218,hanners717#2022,Cori#8483,9.0,8.0
212,635a845c1ab9982803027b45,2021-11-08T23:00:00.000Z,karmaticacid#1218,mateodaza#3156,because he's missing in that list üòâ he did lots of that job ,0.0,8.0,3.0,,,,True,False,False,mateodaza#3156,freshelle#9882,WhyldWanderer#7002,3.67,8.0
173,635a845c1ab9982803027b1e,2021-11-06T23:00:00.000Z,divine_comedian#5493,WhyldWanderer#7002,for adding gUSD to the accepted token list ,5.0,13.0,,,,,False,False,False,karmaticacid#1218,hanners717#2022,Cori#8483,9.0,8.0
147,635a845c1ab9982803027b04,2021-11-06T23:00:00.000Z,willjgriff üêù,griff,for pushing the fixes we need for Gardens! ,,13.0,21.0,,,,False,False,False,Ramin#4479,Danibelle the Uno and Only#6791,ClaraZi#5313,17.0,8.0
49,635a845c1ab9982803027aa2,2021-11-06T23:00:00.000Z,Carlos096#8712,karmaticacid#1218,for holding down giveth dapp dev ,5.0,13.0,13.0,,,,False,False,False,mateodaza#3156,freshelle#9882,Nikola Creatrix#5026,10.33,8.0
184,635a845c1ab9982803027b29,2021-11-06T23:00:00.000Z,"Griff (üíú,üíú)#8888",WhyldWanderer#7002,for WG Steward PAN distribution hack session ,13.0,,21.0,,,,False,False,False,hanners717#2022,Cori#8483,WhyldWanderer#7002,17.0,8.0
188,635a845c1ab9982803027b2d,2021-11-06T23:00:00.000Z,divine_comedian#5493,WhyldWanderer#7002,for WG Steward PAN distribution hack session ,5.0,13.0,,635a845c1ab9982803027aea,,,False,False,False,karmaticacid#1218,hanners717#2022,Cori#8483,6.75,8.0
58,635a845c1ab9982803027aab,2021-11-06T23:00:00.000Z,mohammad_ranjbar_z#2709,divine_comedian#5493,"for awesome development work on adminbro dashboard, onboard js fixes and project unlisted logic ",21.0,13.0,21.0,,,,False,False,False,toraif#4775,karmaticacid#1218,hanners717#2022,18.33,8.0
194,635a845c1ab9982803027b33,2021-11-06T23:00:00.000Z,"Griff (üíú,üíú)#8888",WhyldWanderer#7002,for connecting with Gemini and working toward token listing ,13.0,,21.0,635a845c1ab9982803027a9c,,635a845c1ab9982803027a9c,False,False,False,hanners717#2022,Cori#8483,WhyldWanderer#7002,1.7,8.0
205,635a845c1ab9982803027b3e,2021-11-08T23:00:00.000Z,markop#2007,Donna.Ofi,"thanks for the nice donation flow on IO, I tested it and loved the flow when donating with Metamask, well-done guys ",21.0,13.0,21.0,,,,False,False,False,freshelle#9882,Nikola Creatrix#5026,divine_comedian#5493,18.33,8.0
213,635a845c1ab9982803027b46,2021-11-08T23:00:00.000Z,Carlos096#8712,mateodaza#3156,because he's missing in that list üòâ he did lots of that job ,8.0,0.0,1.0,,,,False,True,False,mateodaza#3156,freshelle#9882,Nikola Creatrix#5026,3.0,8.0
38,635a845c1ab9982803027a97,2021-11-06T23:00:00.000Z,"Griff (üíú,üíú)#8888",karmaticacid#1218,for smart contracts review call ,13.0,,5.0,,,,False,False,False,hanners717#2022,Cori#8483,WhyldWanderer#7002,9.0,8.0
220,635a845c1ab9982803027b4d,2021-11-10T23:00:00.000Z,MoeNick#1374,Donna.Ofi,for their great job on io and Trace ,13.0,21.0,13.0,635a845c1ab9982803027b3a,,,False,False,False,cuidadopeligro#4788,tropicalmango#3240,toraif#4775,11.77,8.0
75,635a845c1ab9982803027abc,2021-11-06T23:00:00.000Z,eduadiez#9314,divine_comedian#5493,for providing information on testing the GIVback contracts ,8.0,0.0,,635a845c1ab9982803027ab3,,,False,True,False,fuscia,Nicbals#2154,Ramin#4479,0.4,8.0
222,635a845c1ab9982803027b4f,2021-11-10T23:00:00.000Z,Amin#2164,Donna.Ofi,for their great job on io and Trace ,5.0,,13.0,,,,False,False,False,mateodaza#3156,Cori#8483,WhyldWanderer#7002,9.0,8.0
113,635a845c1ab9982803027ae2,2021-11-06T23:00:00.000Z,"Griff (üíú,üíú)#8888",hannahjojo,for hacking through gnosis safe with me ,13.0,,21.0,,,,False,False,False,hanners717#2022,Cori#8483,WhyldWanderer#7002,17.0,8.0
230,635a845c1ab9982803027b57,2021-11-10T23:00:00.000Z,Amin#2164,Donna.Ofi,for onboarding Pavle and make sure he is on the right track and start delegating tasks to him ,13.0,,21.0,,,,False,False,False,mateodaza#3156,Cori#8483,WhyldWanderer#7002,17.0,8.0
118,635a845c1ab9982803027ae7,2021-11-06T23:00:00.000Z,"Griff (üíú,üíú)#8888",Danibelle the Uno and Only#6791,for participating in the PAN reward feedback process ,13.0,,21.0,,,,False,False,False,hanners717#2022,Cori#8483,WhyldWanderer#7002,17.0,8.0
11,635a845c1ab9982803027a7c,2021-11-02T23:00:00.000Z,MoeNick#1374,markop#2007,to for being wonderful human beings. I love you all üíú ,8.0,0.0,8.0,,,,False,True,False,cuidadopeligro#4788,tropicalmango#3240,toraif#4775,5.33,8.0
137,635a845c1ab9982803027afa,2021-11-06T23:00:00.000Z,Carlos096#8712,griff,for incredible team work reviewing each other's code and dominating backend issues ,13.0,5.0,13.0,,,,False,False,False,mateodaza#3156,freshelle#9882,Nikola Creatrix#5026,10.33,8.0
43,635a845c1ab9982803027a9c,2021-11-06T23:00:00.000Z,"Griff (üíú,üíú)#8888",karmaticacid#1218,for call with Gemini and trying to get GIV listed after launch ,13.0,,21.0,,,,False,False,False,hanners717#2022,Cori#8483,WhyldWanderer#7002,17.0,8.0
24,635a845c1ab9982803027a89,2021-11-02T23:00:00.000Z,markop#2007,Donna.Ofi,for his positive vibes üôÇ and all his great work at Giveth! we love you too man ,1.0,8.0,8.0,,,,False,False,False,freshelle#9882,Nikola Creatrix#5026,divine_comedian#5493,5.67,7.0
22,635a845c1ab9982803027a87,2021-11-02T23:00:00.000Z,mateodaza#3156,markop#2007,to for being wonderful human beings. I love you all üíú ,1.0,1.0,8.0,,,,False,False,False,Dr. Suga#8514,Almond | oyealmond#7049,cuidadopeligro#4788,3.33,7.0
155,635a845c1ab9982803027b0c,2021-11-06T23:00:00.000Z,hannahjojo,WhyldWanderer#7002,for jumping into todays community call! ,8.0,,1.0,,,,False,False,False,Nicbals#2154,Ramin#4479,Danibelle the Uno and Only#6791,4.5,7.0
30,635a845c1ab9982803027a8f,2021-11-04T23:00:00.000Z,divine_comedian#5493,freshelle#9882,for having the time to teach me and for being so patient with my questions!! ,8.0,13.0,,,,,False,False,False,karmaticacid#1218,hanners717#2022,Cori#8483,10.5,5.0
28,635a845c1ab9982803027a8d,2021-11-03T23:00:00.000Z,Carlos096#8712,mohammad_ranjbar_z#2709,for amazing work on postgres queries ,8.0,13.0,13.0,,,,False,False,False,mateodaza#3156,freshelle#9882,Nikola Creatrix#5026,11.33,5.0
23,635a845c1ab9982803027a88,2021-11-02T23:00:00.000Z,Bowen,markop#2007,to for being wonderful human beings. I love you all üíú ,0.0,5.0,1.0,,,,True,False,False,ClaraZi#5313,geleeroyale#3228,Dr. Suga#8514,2.0,5.0
63,635a845c1ab9982803027ab0,2021-11-06T23:00:00.000Z,Carlos096#8712,divine_comedian#5493,"for awesome development work on adminbro dashboard, onboard js fixes and project unlisted logic ",8.0,13.0,13.0,,,,False,False,False,mateodaza#3156,freshelle#9882,Nikola Creatrix#5026,11.33,5.0
14,635a845c1ab9982803027a7f,2021-11-02T23:00:00.000Z,Mo ü§ñ#0356,markop#2007,to for being wonderful human beings. I love you all üíú ,1.0,0.0,5.0,,,,False,True,False,Danibelle the Uno and Only#6791,ClaraZi#5313,geleeroyale#3228,2.0,5.0
81,635a845c1ab9982803027ac2,2021-11-06T23:00:00.000Z,Ramin#4479,MoeNick#1374,for being great team members. ,3.0,8.0,5.0,,635a845c1ab9982803027ad9,,False,False,False,Almond | oyealmond#7049,cuidadopeligro#4788,tropicalmango#3240,2.93,5.0
13,635a845c1ab9982803027a7e,2021-11-02T23:00:00.000Z,Rodricast#1415,markop#2007,to for being wonderful human beings. I love you all üíú ,0.0,5.0,1.0,,,,True,False,False,ClaraZi#5313,geleeroyale#3228,Dr. Suga#8514,2.0,5.0
117,635a845c1ab9982803027ae6,2021-11-06T23:00:00.000Z,"Griff (üíú,üíú)#8888",MoeNick#1374,for pushing me get out of my comfort zone. ,8.0,,13.0,,,,False,False,False,hanners717#2022,Cori#8483,WhyldWanderer#7002,10.5,5.0
12,635a845c1ab9982803027a7d,2021-11-02T23:00:00.000Z,Amin#2164,markop#2007,to for being wonderful human beings. I love you all üíú ,3.0,,8.0,,,,False,False,False,mateodaza#3156,Cori#8483,WhyldWanderer#7002,5.5,5.0
251,635a845c1ab9982803027b6c,2021-11-10T23:00:00.000Z,divine_comedian#5493,karmaticacid#1218,"for being an epic cat herder and closer, and writing the community project spotlight post ",8.0,13.0,,,,,False,False,False,karmaticacid#1218,hanners717#2022,Cori#8483,10.5,5.0
9,635a845c1ab9982803027a7a,2021-11-02T23:00:00.000Z,Danibelle the Uno and Only#6791,markop#2007,to for being wonderful human beings. I love you all üíú ,0.0,5.0,1.0,,,,True,False,False,ClaraZi#5313,geleeroyale#3228,Dr. Suga#8514,2.0,5.0
138,635a845c1ab9982803027afb,2021-11-06T23:00:00.000Z,mohammad_ranjbar_z#2709,griff,for incredible team work reviewing each other's code and dominating backend issues ,13.0,8.0,13.0,,,,False,False,False,toraif#4775,karmaticacid#1218,hanners717#2022,11.33,5.0
171,635a845c1ab9982803027b1c,2021-11-06T23:00:00.000Z,karmaticacid#1218,WhyldWanderer#7002,for getting call times aligned so that we can all be included ,3.0,8.0,8.0,,,,False,False,False,mateodaza#3156,freshelle#9882,WhyldWanderer#7002,6.33,5.0
233,635a845c1ab9982803027b5a,2021-11-10T23:00:00.000Z,mateodaza#3156,Carlos096#8712,for being an amazing team and writing features fast! ,13.0,8.0,13.0,,,,False,False,False,Dr. Suga#8514,Almond | oyealmond#7049,cuidadopeligro#4788,11.33,5.0
178,635a845c1ab9982803027b23,2021-11-06T23:00:00.000Z,divine_comedian#5493,WhyldWanderer#7002,for setting up verified donation email journey ,8.0,13.0,,,,,False,False,False,karmaticacid#1218,hanners717#2022,Cori#8483,10.5,5.0
172,635a845c1ab9982803027b1d,2021-11-06T23:00:00.000Z,Carlos096#8712,WhyldWanderer#7002,for his work to finish implementing the Giving Block API ,8.0,13.0,8.0,,,,False,False,False,mateodaza#3156,freshelle#9882,Nikola Creatrix#5026,9.67,5.0
258,635a845c1ab9982803027b73,2021-11-10T23:00:00.000Z,mohammad_ranjbar_z#2709,karmaticacid#1218,"for implementing admin dashboard, working on new giveth frontend, bug fixes and for overall making the dapp better ",8.0,8.0,13.0,,,,False,False,False,toraif#4775,karmaticacid#1218,hanners717#2022,9.67,5.0
277,635a845c1ab9982803027b86,2021-11-10T23:00:00.000Z,WhyldWanderer#7002,mohammad_ranjbar_z#2709,for facilitating community calls ,13.0,8.0,8.0,,,635a845c1ab9982803027ac4,False,False,False,tropicalmango#3240,toraif#4775,karmaticacid#1218,7.27,5.0
238,635a845c1ab9982803027b5f,2021-11-10T23:00:00.000Z,divine_comedian#5493,Donna.Ofi,"for his great work on testing our test DAO and agent, and other testing stuff and comms stuff he is doing ",8.0,13.0,,,,,False,False,False,karmaticacid#1218,hanners717#2022,Cori#8483,10.5,5.0
228,635a845c1ab9982803027b55,2021-11-10T23:00:00.000Z,WhyldWanderer#7002,Donna.Ofi,for managing project verification and customer support ,13.0,8.0,13.0,,,,False,False,False,tropicalmango#3240,toraif#4775,karmaticacid#1218,11.33,5.0
235,635a845c1ab9982803027b5c,2021-11-10T23:00:00.000Z,mohammad_ranjbar_z#2709,Carlos096#8712,for being an amazing team and writing features fast! ,5.0,3.0,8.0,,635a845c1ab9982803027aa0,,False,False,False,toraif#4775,karmaticacid#1218,hanners717#2022,4.43,5.0
153,635a845c1ab9982803027b0a,2021-11-06T23:00:00.000Z,karmaticacid#1218,WhyldWanderer#7002,for jumping into todays community call! ,1.0,1.0,5.0,,,,False,False,False,mateodaza#3156,freshelle#9882,WhyldWanderer#7002,2.33,4.0
17,635a845c1ab9982803027a82,2021-11-02T23:00:00.000Z,hannahjojo,markop#2007,to for being wonderful human beings. I love you all üíú ,5.0,,1.0,,,,False,False,False,Nicbals#2154,Ramin#4479,Danibelle the Uno and Only#6791,3.0,4.0
20,635a845c1ab9982803027a85,2021-11-02T23:00:00.000Z,divine_comedian#5493,markop#2007,to for being wonderful human beings. I love you all üíú ,1.0,5.0,,,,,False,False,False,karmaticacid#1218,hanners717#2022,Cori#8483,3.0,4.0
15,635a845c1ab9982803027a80,2021-11-02T23:00:00.000Z,Cherik#4711,markop#2007,to for being wonderful human beings. I love you all üíú ,5.0,3.0,1.0,,,,False,False,False,geleeroyale#3228,Dr. Suga#8514,Almond | oyealmond#7049,3.0,4.0
78,635a845c1ab9982803027abf,2021-11-06T23:00:00.000Z,Cherik#4711,MoeNick#1374,for being great team members. ,5.0,3.0,1.0,,635a845c1ab9982803027ad4,,False,False,False,geleeroyale#3228,Dr. Suga#8514,Almond | oyealmond#7049,2.1,4.0
329,635a845c1ab9982803027bba,2021-11-10T23:00:00.000Z,karmaticacid#1218,divine_comedian#5493,for joining GAMEZZZ ,3.0,1.0,5.0,,,,False,False,False,mateodaza#3156,freshelle#9882,WhyldWanderer#7002,3.0,4.0
99,635a845c1ab9982803027ad4,2021-11-06T23:00:00.000Z,Cherik#4711,Ramin#4479,for being great dev team ,5.0,3.0,1.0,635a845c1ab9982803027abf,,,False,False,False,geleeroyale#3228,Dr. Suga#8514,Almond | oyealmond#7049,1.5,4.0
163,635a845c1ab9982803027b14,2021-11-06T23:00:00.000Z,Danibelle the Uno and Only#6791,WhyldWanderer#7002,for jumping into todays community call! ,1.0,5.0,1.0,,,,False,False,False,ClaraZi#5313,geleeroyale#3228,Dr. Suga#8514,2.33,4.0
154,635a845c1ab9982803027b0b,2021-11-06T23:00:00.000Z,Amin#2164,WhyldWanderer#7002,for jumping into todays community call! ,1.0,,5.0,,,,False,False,False,mateodaza#3156,Cori#8483,WhyldWanderer#7002,3.0,4.0
280,635a845c1ab9982803027b89,2021-11-10T23:00:00.000Z,Carlos096#8712,mateodaza#3156,for great dev work and being the best mates ,8.0,5.0,5.0,,,635a845c1ab9982803027b91,False,False,False,mateodaza#3156,freshelle#9882,Nikola Creatrix#5026,4.5,3.0
16,635a845c1ab9982803027a81,2021-11-02T23:00:00.000Z,WhyldWanderer#7002,markop#2007,to for being wonderful human beings. I love you all üíú ,0.0,3.0,1.0,,,,True,False,False,tropicalmango#3240,toraif#4775,karmaticacid#1218,1.33,3.0
112,635a845c1ab9982803027ae1,2021-11-06T23:00:00.000Z,mateodaza#3156,Carlos096#8712,for coming back1 ,1.0,1.0,3.0,635a845c1ab9982803027a99,635a845c1ab9982803027a99,635a845c1ab9982803027a99,False,False,False,Dr. Suga#8514,Almond | oyealmond#7049,cuidadopeligro#4788,0.17,2.0
167,635a845c1ab9982803027b18,2021-11-06T23:00:00.000Z,willyfox#1178,WhyldWanderer#7002,for jumping into todays community call! ,1.0,1.0,3.0,,,,False,False,False,Nikola Creatrix#5026,divine_comedian#5493,fuscia,1.67,2.0
152,635a845c1ab9982803027b09,2021-11-06T23:00:00.000Z,mateodaza#3156,WhyldWanderer#7002,for jumping into todays community call! ,1.0,3.0,1.0,,,,False,False,False,Dr. Suga#8514,Almond | oyealmond#7049,cuidadopeligro#4788,1.67,2.0
150,635a845c1ab9982803027b07,2021-11-06T23:00:00.000Z,Ramin#4479,WhyldWanderer#7002,for jumping into todays community call! ,3.0,1.0,3.0,,,,False,False,False,Almond | oyealmond#7049,cuidadopeligro#4788,tropicalmango#3240,2.33,2.0
190,635a845c1ab9982803027b2f,2021-11-06T23:00:00.000Z,Donna.Ofi,WhyldWanderer#7002,for project verification process feedback ,,5.0,3.0,,,,False,False,False,Ramin#4479,Danibelle the Uno and Only#6791,ClaraZi#5313,4.0,2.0
170,635a845c1ab9982803027b1b,2021-11-06T23:00:00.000Z,mateodaza#3156,WhyldWanderer#7002,for coming back from vacation ,1.0,1.0,3.0,,635a845c1ab9982803027a99,635a845c1ab9982803027a99,False,False,False,Dr. Suga#8514,Almond | oyealmond#7049,cuidadopeligro#4788,0.47,2.0
169,635a845c1ab9982803027b1a,2021-11-06T23:00:00.000Z,sudhithxavier,WhyldWanderer#7002,for jumping into the server with enthusiasm and exploring ways to get involved with Giveth design ,5.0,3.0,5.0,,,,False,False,False,freshelle#9882,Nikola Creatrix#5026,divine_comedian#5493,4.33,2.0
40,635a845c1ab9982803027a99,2021-11-06T23:00:00.000Z,mateodaza#3156,karmaticacid#1218,for coming back from vacation! ,1.0,1.0,3.0,,,,False,False,False,Dr. Suga#8514,Almond | oyealmond#7049,cuidadopeligro#4788,1.67,2.0
98,635a845c1ab9982803027ad3,2021-11-06T23:00:00.000Z,Amin#2164,Ramin#4479,for being great dev team ,3.0,,5.0,,,,False,False,False,mateodaza#3156,Cori#8483,WhyldWanderer#7002,4.0,2.0
338,635a845c1ab9982803027bc3,2021-11-14T23:00:00.000Z,Rodricast#1415,markop#2007,for joining the Governance call. ,1.0,3.0,1.0,,,,False,False,False,ClaraZi#5313,geleeroyale#3228,Dr. Suga#8514,1.67,2.0
288,635a845c1ab9982803027b91,2021-11-10T23:00:00.000Z,Carlos096#8712,Ramin#4479,for their great development work ,5.0,3.0,5.0,,,,False,False,False,mateodaza#3156,freshelle#9882,Nikola Creatrix#5026,4.33,2.0
164,635a845c1ab9982803027b15,2021-11-06T23:00:00.000Z,crusher,WhyldWanderer#7002,for jumping into todays community call! ,1.0,1.0,3.0,,,,False,False,False,Nikola Creatrix#5026,divine_comedian#5493,fuscia,1.67,2.0
67,635a845c1ab9982803027ab4,2021-11-06T23:00:00.000Z,mateodaza#3156,divine_comedian#5493,for returning from vacation (is it true??) ,1.0,1.0,3.0,635a845c1ab9982803027a99,635a845c1ab9982803027a99,635a845c1ab9982803027a99,False,False,False,Dr. Suga#8514,Almond | oyealmond#7049,cuidadopeligro#4788,0.17,2.0
157,635a845c1ab9982803027b0e,2021-11-06T23:00:00.000Z,"Griff (üíú,üíú)#8888",WhyldWanderer#7002,for jumping into todays community call! ,3.0,,5.0,,,,False,False,False,hanners717#2022,Cori#8483,WhyldWanderer#7002,4.0,2.0
161,635a845c1ab9982803027b12,2021-11-06T23:00:00.000Z,divine_comedian#5493,WhyldWanderer#7002,for jumping into todays community call! ,1.0,3.0,,,,,False,False,False,karmaticacid#1218,hanners717#2022,Cori#8483,2.0,2.0
79,635a845c1ab9982803027ac0,2021-11-06T23:00:00.000Z,Carlos096#8712,MoeNick#1374,for being great team members. ,3.0,1.0,1.0,,,,False,False,False,mateodaza#3156,freshelle#9882,Nikola Creatrix#5026,1.67,2.0
84,635a845c1ab9982803027ac5,2021-11-06T23:00:00.000Z,mateodaza#3156,MoeNick#1374,for being back üôÇ ,1.0,1.0,3.0,635a845c1ab9982803027a99,635a845c1ab9982803027a99,635a845c1ab9982803027a99,False,False,False,Dr. Suga#8514,Almond | oyealmond#7049,cuidadopeligro#4788,0.17,2.0
89,635a845c1ab9982803027aca,2021-11-06T23:00:00.000Z,geleeroyale#3228,Danibelle the Uno and Only#6791,for creating their nrGIV Token Minting proposal! ,,3.0,5.0,,,,False,False,False,Ramin#4479,Danibelle the Uno and Only#6791,ClaraZi#5313,4.0,2.0
10,635a845c1ab9982803027a7b,2021-11-02T23:00:00.000Z,willyfox#1178,markop#2007,to for being wonderful human beings. I love you all üíú ,3.0,3.0,1.0,,,,False,False,False,Nikola Creatrix#5026,divine_comedian#5493,fuscia,2.33,2.0
328,635a845c1ab9982803027bb9,2021-11-10T23:00:00.000Z,Pythagorean,divine_comedian#5493,for joining GAMEZZZ ,3.0,1.0,1.0,,,,False,False,False,Nikola Creatrix#5026,divine_comedian#5493,fuscia,1.67,2.0
19,635a845c1ab9982803027a84,2021-11-02T23:00:00.000Z,Donna.Ofi,markop#2007,to for being wonderful human beings. I love you all üíú ,,1.0,0.0,,,,False,False,True,Ramin#4479,Danibelle the Uno and Only#6791,ClaraZi#5313,0.5,1.0
8,635a845c1ab9982803027a79,2021-11-02T23:00:00.000Z,"Griff (üíú,üíú)#8888",markop#2007,to for being wonderful human beings. I love you all üíú ,5.0,,5.0,,,,False,False,False,hanners717#2022,Cori#8483,WhyldWanderer#7002,5.0,0.0
4,635a845c1ab9982803027a75,2021-11-01T23:00:00.000Z,mohammad_ranjbar_z#2709,karmaticacid#1218,"for all their work today on the GIVeconomy, for answering many questions and for pushing GIV to the finish line ",8.0,8.0,8.0,,,,False,False,False,toraif#4775,karmaticacid#1218,hanners717#2022,8.0,0.0
166,635a845c1ab9982803027b17,2021-11-06T23:00:00.000Z,akahux,WhyldWanderer#7002,for jumping into todays community call! ,,1.0,1.0,,,,False,False,False,Ramin#4479,Danibelle the Uno and Only#6791,ClaraZi#5313,1.0,0.0
267,635a845c1ab9982803027b7c,2021-11-10T23:00:00.000Z,divine_comedian#5493,Donna.Ofi,for bringing some fun with Thursday game nights ,5.0,5.0,,,,,False,False,False,karmaticacid#1218,hanners717#2022,Cori#8483,5.0,0.0
31,635a845c1ab9982803027a90,2021-11-06T23:00:00.000Z,divine_comedian#5493,karmaticacid#1218,for writing community spotlight ,8.0,8.0,,,,,False,False,False,karmaticacid#1218,hanners717#2022,Cori#8483,8.0,0.0
273,635a845c1ab9982803027b82,2021-11-10T23:00:00.000Z,divine_comedian#5493,mohammad_ranjbar_z#2709,for always being ready to test issues ,13.0,13.0,,635a845c1ab9982803027adb,,,False,False,False,karmaticacid#1218,hanners717#2022,Cori#8483,7.15,0.0
95,635a845c1ab9982803027ad0,2021-11-06T23:00:00.000Z,divine_comedian#5493,MoeNick#1374,for testing ,13.0,13.0,,635a845c1ab9982803027adb,635a845c1ab9982803027adb,,False,False,False,karmaticacid#1218,hanners717#2022,Cori#8483,1.3,0.0
302,635a845c1ab9982803027b9f,2021-11-10T23:00:00.000Z,mateodaza#3156,divine_comedian#5493,for giving me all the tips on coding react ,13.0,13.0,13.0,,,,False,False,False,Dr. Suga#8514,Almond | oyealmond#7049,cuidadopeligro#4788,13.0,0.0
106,635a845c1ab9982803027adb,2021-11-06T23:00:00.000Z,divine_comedian#5493,Carlos096#8712,for testing a lot and finding edge cases! ,13.0,13.0,,,,,False,False,False,karmaticacid#1218,hanners717#2022,Cori#8483,13.0,0.0
279,635a845c1ab9982803027b88,2021-11-10T23:00:00.000Z,"Griff (üíú,üíú)#8888",mateodaza#3156,for incredible structure on our token economy ,13.0,,13.0,,,,False,False,False,hanners717#2022,Cori#8483,WhyldWanderer#7002,13.0,0.0
162,635a845c1ab9982803027b13,2021-11-06T23:00:00.000Z,Carlos096#8712,WhyldWanderer#7002,for jumping into todays community call! ,1.0,1.0,1.0,,,,False,False,False,mateodaza#3156,freshelle#9882,Nikola Creatrix#5026,1.0,0.0
294,635a845c1ab9982803027b97,2021-11-10T23:00:00.000Z,"Griff (üíú,üíú)#8888",mohammad_ranjbar_z#2709,to give me chance to work with smart contracts and giv economy ,13.0,,13.0,,,,False,False,False,hanners717#2022,Cori#8483,WhyldWanderer#7002,13.0,0.0
156,635a845c1ab9982803027b0d,2021-11-06T23:00:00.000Z,metaverde,WhyldWanderer#7002,for jumping into todays community call! ,1.0,1.0,1.0,,,,False,False,False,mateodaza#3156,freshelle#9882,Nikola Creatrix#5026,1.0,0.0
145,635a845c1ab9982803027b02,2021-11-06T23:00:00.000Z,gabi,griff,for pushing the fixes we need for Gardens! ,,21.0,21.0,,,,False,False,False,Ramin#4479,Danibelle the Uno and Only#6791,ClaraZi#5313,21.0,0.0
240,635a845c1ab9982803027b61,2021-11-10T23:00:00.000Z,divine_comedian#5493,Carlos096#8712,for always testing features and finding bugs! ,13.0,13.0,,635a845c1ab9982803027adb,,,False,False,False,karmaticacid#1218,hanners717#2022,Cori#8483,7.15,0.0
